-- Adminer 4.2.5 MySQL dump

SET NAMES utf8;
SET time_zone = '+00:00';
SET foreign_key_checks = 0;
SET sql_mode = 'NO_AUTO_VALUE_ON_ZERO';

DROP TABLE IF EXISTS `auth_assignment`;
CREATE TABLE `auth_assignment` (
  `item_name` varchar(64) COLLATE utf8_unicode_ci NOT NULL,
  `user_id` varchar(64) COLLATE utf8_unicode_ci NOT NULL,
  `created_at` int(11) DEFAULT NULL,
  PRIMARY KEY (`item_name`,`user_id`),
  CONSTRAINT `auth_assignment_ibfk_1` FOREIGN KEY (`item_name`) REFERENCES `auth_item` (`name`) ON DELETE CASCADE ON UPDATE CASCADE
) ENGINE=InnoDB DEFAULT CHARSET=utf8 COLLATE=utf8_unicode_ci;

INSERT INTO `auth_assignment` (`item_name`, `user_id`, `created_at`) VALUES
('applicant',	'16',	1489480937),
('applicant',	'17',	1490172252),
('applicant',	'18',	1490172436),
('general-company',	'13',	1489142430),
('general-company',	'21',	1490460412),
('member',	'22',	1491098755),
('superadmin',	'1',	1488812605);

DROP TABLE IF EXISTS `auth_item`;
CREATE TABLE `auth_item` (
  `name` varchar(64) COLLATE utf8_unicode_ci NOT NULL,
  `type` smallint(6) NOT NULL,
  `description` text COLLATE utf8_unicode_ci,
  `rule_name` varchar(64) COLLATE utf8_unicode_ci DEFAULT NULL,
  `data` blob,
  `created_at` int(11) DEFAULT NULL,
  `updated_at` int(11) DEFAULT NULL,
  PRIMARY KEY (`name`),
  KEY `rule_name` (`rule_name`),
  KEY `idx-auth_item-type` (`type`),
  CONSTRAINT `auth_item_ibfk_1` FOREIGN KEY (`rule_name`) REFERENCES `auth_rule` (`name`) ON DELETE SET NULL ON UPDATE CASCADE
) ENGINE=InnoDB DEFAULT CHARSET=utf8 COLLATE=utf8_unicode_ci;

INSERT INTO `auth_item` (`name`, `type`, `description`, `rule_name`, `data`, `created_at`, `updated_at`) VALUES
('/*',	2,	NULL,	NULL,	NULL,	1488812489,	1488812489),
('/ajax/*',	2,	NULL,	NULL,	NULL,	1490167169,	1490167169),
('/ajax/get-user',	2,	NULL,	NULL,	NULL,	1490167169,	1490167169),
('/ajax/list-city',	2,	NULL,	NULL,	NULL,	1490167169,	1490167169),
('/ajax/list-province',	2,	NULL,	NULL,	NULL,	1490167169,	1490167169),
('/ajax/list-user',	2,	NULL,	NULL,	NULL,	1490167169,	1490167169),
('/base-company/*',	2,	NULL,	NULL,	NULL,	1490459539,	1490459539),
('/base-user/*',	2,	NULL,	NULL,	NULL,	1490167169,	1490167169),
('/base/*',	2,	NULL,	NULL,	NULL,	1490167169,	1490167169),
('/company-dashboard/*',	2,	NULL,	NULL,	NULL,	1490459539,	1490459539),
('/company-dashboard/index',	2,	NULL,	NULL,	NULL,	1490459539,	1490459539),
('/company/*',	2,	NULL,	NULL,	NULL,	1490167169,	1490167169),
('/company/auth',	2,	NULL,	NULL,	NULL,	1490167169,	1490167169),
('/company/index',	2,	NULL,	NULL,	NULL,	1490167169,	1490167169),
('/company/login',	2,	NULL,	NULL,	NULL,	1490167169,	1490167169),
('/company/logout',	2,	NULL,	NULL,	NULL,	1490167169,	1490167169),
('/company/register',	2,	NULL,	NULL,	NULL,	1490172989,	1490172989),
('/debug/*',	2,	NULL,	NULL,	NULL,	1488812489,	1488812489),
('/debug/default/*',	2,	NULL,	NULL,	NULL,	1488812489,	1488812489),
('/debug/default/db-explain',	2,	NULL,	NULL,	NULL,	1488812489,	1488812489),
('/debug/default/download-mail',	2,	NULL,	NULL,	NULL,	1488812489,	1488812489),
('/debug/default/index',	2,	NULL,	NULL,	NULL,	1488812489,	1488812489),
('/debug/default/toolbar',	2,	NULL,	NULL,	NULL,	1488812489,	1488812489),
('/debug/default/view',	2,	NULL,	NULL,	NULL,	1488812489,	1488812489),
('/education/*',	2,	NULL,	NULL,	NULL,	1490167169,	1490167169),
('/education/create',	2,	NULL,	NULL,	NULL,	1490167169,	1490167169),
('/education/delete',	2,	NULL,	NULL,	NULL,	1490167169,	1490167169),
('/education/index',	2,	NULL,	NULL,	NULL,	1490167169,	1490167169),
('/education/update',	2,	NULL,	NULL,	NULL,	1490167169,	1490167169),
('/education/view',	2,	NULL,	NULL,	NULL,	1490167169,	1490167169),
('/fkadmin/*',	2,	NULL,	NULL,	NULL,	1488812487,	1488812487),
('/fkadmin/admin/*',	2,	NULL,	NULL,	NULL,	1488812485,	1488812485),
('/fkadmin/admin/assignment/*',	2,	NULL,	NULL,	NULL,	1488812483,	1488812483),
('/fkadmin/admin/assignment/assign',	2,	NULL,	NULL,	NULL,	1488812483,	1488812483),
('/fkadmin/admin/assignment/index',	2,	NULL,	NULL,	NULL,	1488812483,	1488812483),
('/fkadmin/admin/assignment/revoke',	2,	NULL,	NULL,	NULL,	1488812483,	1488812483),
('/fkadmin/admin/assignment/view',	2,	NULL,	NULL,	NULL,	1488812483,	1488812483),
('/fkadmin/admin/default/*',	2,	NULL,	NULL,	NULL,	1488812483,	1488812483),
('/fkadmin/admin/default/index',	2,	NULL,	NULL,	NULL,	1488812483,	1488812483),
('/fkadmin/admin/menu/*',	2,	NULL,	NULL,	NULL,	1488812484,	1488812484),
('/fkadmin/admin/menu/create',	2,	NULL,	NULL,	NULL,	1488812483,	1488812483),
('/fkadmin/admin/menu/delete',	2,	NULL,	NULL,	NULL,	1488812484,	1488812484),
('/fkadmin/admin/menu/index',	2,	NULL,	NULL,	NULL,	1488812483,	1488812483),
('/fkadmin/admin/menu/update',	2,	NULL,	NULL,	NULL,	1488812483,	1488812483),
('/fkadmin/admin/menu/view',	2,	NULL,	NULL,	NULL,	1488812483,	1488812483),
('/fkadmin/admin/permission/*',	2,	NULL,	NULL,	NULL,	1488812484,	1488812484),
('/fkadmin/admin/permission/assign',	2,	NULL,	NULL,	NULL,	1488812484,	1488812484),
('/fkadmin/admin/permission/create',	2,	NULL,	NULL,	NULL,	1488812484,	1488812484),
('/fkadmin/admin/permission/delete',	2,	NULL,	NULL,	NULL,	1488812484,	1488812484),
('/fkadmin/admin/permission/index',	2,	NULL,	NULL,	NULL,	1488812484,	1488812484),
('/fkadmin/admin/permission/remove',	2,	NULL,	NULL,	NULL,	1488812484,	1488812484),
('/fkadmin/admin/permission/update',	2,	NULL,	NULL,	NULL,	1488812484,	1488812484),
('/fkadmin/admin/permission/view',	2,	NULL,	NULL,	NULL,	1488812484,	1488812484),
('/fkadmin/admin/role/*',	2,	NULL,	NULL,	NULL,	1488812484,	1488812484),
('/fkadmin/admin/role/assign',	2,	NULL,	NULL,	NULL,	1488812484,	1488812484),
('/fkadmin/admin/role/create',	2,	NULL,	NULL,	NULL,	1488812484,	1488812484),
('/fkadmin/admin/role/delete',	2,	NULL,	NULL,	NULL,	1488812484,	1488812484),
('/fkadmin/admin/role/index',	2,	NULL,	NULL,	NULL,	1488812484,	1488812484),
('/fkadmin/admin/role/remove',	2,	NULL,	NULL,	NULL,	1488812484,	1488812484),
('/fkadmin/admin/role/update',	2,	NULL,	NULL,	NULL,	1488812484,	1488812484),
('/fkadmin/admin/role/view',	2,	NULL,	NULL,	NULL,	1488812484,	1488812484),
('/fkadmin/admin/route/*',	2,	NULL,	NULL,	NULL,	1488812484,	1488812484),
('/fkadmin/admin/route/assign',	2,	NULL,	NULL,	NULL,	1488812484,	1488812484),
('/fkadmin/admin/route/create',	2,	NULL,	NULL,	NULL,	1488812484,	1488812484),
('/fkadmin/admin/route/index',	2,	NULL,	NULL,	NULL,	1488812484,	1488812484),
('/fkadmin/admin/route/refresh',	2,	NULL,	NULL,	NULL,	1488812484,	1488812484),
('/fkadmin/admin/route/remove',	2,	NULL,	NULL,	NULL,	1488812484,	1488812484),
('/fkadmin/admin/rule/*',	2,	NULL,	NULL,	NULL,	1488812485,	1488812485),
('/fkadmin/admin/rule/create',	2,	NULL,	NULL,	NULL,	1488812485,	1488812485),
('/fkadmin/admin/rule/delete',	2,	NULL,	NULL,	NULL,	1488812485,	1488812485),
('/fkadmin/admin/rule/index',	2,	NULL,	NULL,	NULL,	1488812484,	1488812484),
('/fkadmin/admin/rule/update',	2,	NULL,	NULL,	NULL,	1488812485,	1488812485),
('/fkadmin/admin/rule/view',	2,	NULL,	NULL,	NULL,	1488812485,	1488812485),
('/fkadmin/admin/user/*',	2,	NULL,	NULL,	NULL,	1488812485,	1488812485),
('/fkadmin/admin/user/activate',	2,	NULL,	NULL,	NULL,	1488812485,	1488812485),
('/fkadmin/admin/user/change-password',	2,	NULL,	NULL,	NULL,	1488812485,	1488812485),
('/fkadmin/admin/user/delete',	2,	NULL,	NULL,	NULL,	1488812485,	1488812485),
('/fkadmin/admin/user/index',	2,	NULL,	NULL,	NULL,	1488812485,	1488812485),
('/fkadmin/admin/user/login',	2,	NULL,	NULL,	NULL,	1488812485,	1488812485),
('/fkadmin/admin/user/logout',	2,	NULL,	NULL,	NULL,	1488812485,	1488812485),
('/fkadmin/admin/user/request-password-reset',	2,	NULL,	NULL,	NULL,	1488812485,	1488812485),
('/fkadmin/admin/user/reset-password',	2,	NULL,	NULL,	NULL,	1488812485,	1488812485),
('/fkadmin/admin/user/signup',	2,	NULL,	NULL,	NULL,	1488812485,	1488812485),
('/fkadmin/admin/user/view',	2,	NULL,	NULL,	NULL,	1488812485,	1488812485),
('/fkadmin/ajax/*',	2,	NULL,	NULL,	NULL,	1490167166,	1490167166),
('/fkadmin/ajax/get-user',	2,	NULL,	NULL,	NULL,	1490167166,	1490167166),
('/fkadmin/ajax/list-company',	2,	NULL,	NULL,	NULL,	1490167166,	1490167166),
('/fkadmin/ajax/list-partner',	2,	NULL,	NULL,	NULL,	1490167166,	1490167166),
('/fkadmin/ajax/list-user',	2,	NULL,	NULL,	NULL,	1490167166,	1490167166),
('/fkadmin/base/*',	2,	NULL,	NULL,	NULL,	1490167166,	1490167166),
('/fkadmin/city/*',	2,	NULL,	NULL,	NULL,	1490167166,	1490167166),
('/fkadmin/city/bulk-delete',	2,	NULL,	NULL,	NULL,	1490167166,	1490167166),
('/fkadmin/city/create',	2,	NULL,	NULL,	NULL,	1490167166,	1490167166),
('/fkadmin/city/delete',	2,	NULL,	NULL,	NULL,	1490167166,	1490167166),
('/fkadmin/city/index',	2,	NULL,	NULL,	NULL,	1489055300,	1489055300),
('/fkadmin/city/update',	2,	NULL,	NULL,	NULL,	1490167166,	1490167166),
('/fkadmin/city/view',	2,	NULL,	NULL,	NULL,	1490167166,	1490167166),
('/fkadmin/company/*',	2,	NULL,	NULL,	NULL,	1490167166,	1490167166),
('/fkadmin/company/create',	2,	NULL,	NULL,	NULL,	1490167166,	1490167166),
('/fkadmin/company/delete',	2,	NULL,	NULL,	NULL,	1490167166,	1490167166),
('/fkadmin/company/index',	2,	NULL,	NULL,	NULL,	1489474149,	1489474149),
('/fkadmin/company/index-partner',	2,	NULL,	NULL,	NULL,	1490167166,	1490167166),
('/fkadmin/company/update',	2,	NULL,	NULL,	NULL,	1490167166,	1490167166),
('/fkadmin/company/view',	2,	NULL,	NULL,	NULL,	1490167166,	1490167166),
('/fkadmin/currency/*',	2,	NULL,	NULL,	NULL,	1490167167,	1490167167),
('/fkadmin/currency/bulk-delete',	2,	NULL,	NULL,	NULL,	1490167167,	1490167167),
('/fkadmin/currency/create',	2,	NULL,	NULL,	NULL,	1490167167,	1490167167),
('/fkadmin/currency/delete',	2,	NULL,	NULL,	NULL,	1490167167,	1490167167),
('/fkadmin/currency/index',	2,	NULL,	NULL,	NULL,	1489056621,	1489056621),
('/fkadmin/currency/update',	2,	NULL,	NULL,	NULL,	1490167167,	1490167167),
('/fkadmin/currency/view',	2,	NULL,	NULL,	NULL,	1490167167,	1490167167),
('/fkadmin/default/*',	2,	NULL,	NULL,	NULL,	1488812487,	1488812487),
('/fkadmin/default/error',	2,	NULL,	NULL,	NULL,	1488812487,	1488812487),
('/fkadmin/default/index',	2,	NULL,	NULL,	NULL,	1488812487,	1488812487),
('/fkadmin/default/login',	2,	NULL,	NULL,	NULL,	1488812487,	1488812487),
('/fkadmin/default/logout',	2,	NULL,	NULL,	NULL,	1488812487,	1488812487),
('/fkadmin/education/*',	2,	NULL,	NULL,	NULL,	1490167167,	1490167167),
('/fkadmin/education/bulk-delete',	2,	NULL,	NULL,	NULL,	1490167167,	1490167167),
('/fkadmin/education/create',	2,	NULL,	NULL,	NULL,	1490167167,	1490167167),
('/fkadmin/education/delete',	2,	NULL,	NULL,	NULL,	1490167167,	1490167167),
('/fkadmin/education/index',	2,	NULL,	NULL,	NULL,	1490167167,	1490167167),
('/fkadmin/education/update',	2,	NULL,	NULL,	NULL,	1490167167,	1490167167),
('/fkadmin/education/view',	2,	NULL,	NULL,	NULL,	1490167167,	1490167167),
('/fkadmin/job-type/*',	2,	NULL,	NULL,	NULL,	1490167167,	1490167167),
('/fkadmin/job-type/bulk-delete',	2,	NULL,	NULL,	NULL,	1490167167,	1490167167),
('/fkadmin/job-type/create',	2,	NULL,	NULL,	NULL,	1490167167,	1490167167),
('/fkadmin/job-type/delete',	2,	NULL,	NULL,	NULL,	1490167167,	1490167167),
('/fkadmin/job-type/index',	2,	NULL,	NULL,	NULL,	1489050384,	1489050384),
('/fkadmin/job-type/update',	2,	NULL,	NULL,	NULL,	1490167167,	1490167167),
('/fkadmin/job-type/view',	2,	NULL,	NULL,	NULL,	1490167167,	1490167167),
('/fkadmin/job/*',	2,	NULL,	NULL,	NULL,	1490167167,	1490167167),
('/fkadmin/job/create',	2,	NULL,	NULL,	NULL,	1490167167,	1490167167),
('/fkadmin/job/delete',	2,	NULL,	NULL,	NULL,	1490167167,	1490167167),
('/fkadmin/job/index',	2,	NULL,	NULL,	NULL,	1490167167,	1490167167),
('/fkadmin/job/update',	2,	NULL,	NULL,	NULL,	1490167167,	1490167167),
('/fkadmin/job/view',	2,	NULL,	NULL,	NULL,	1490167167,	1490167167),
('/fkadmin/offer-type/*',	2,	NULL,	NULL,	NULL,	1490167167,	1490167167),
('/fkadmin/offer-type/bulk-delete',	2,	NULL,	NULL,	NULL,	1490167167,	1490167167),
('/fkadmin/offer-type/create',	2,	NULL,	NULL,	NULL,	1490167167,	1490167167),
('/fkadmin/offer-type/delete',	2,	NULL,	NULL,	NULL,	1490167167,	1490167167),
('/fkadmin/offer-type/index',	2,	NULL,	NULL,	NULL,	1489055541,	1489055541),
('/fkadmin/offer-type/update',	2,	NULL,	NULL,	NULL,	1490167167,	1490167167),
('/fkadmin/offer-type/view',	2,	NULL,	NULL,	NULL,	1490167167,	1490167167),
('/fkadmin/offer/*',	2,	NULL,	NULL,	NULL,	1490167167,	1490167167),
('/fkadmin/offer/bulk-delete',	2,	NULL,	NULL,	NULL,	1490167167,	1490167167),
('/fkadmin/offer/create',	2,	NULL,	NULL,	NULL,	1490167167,	1490167167),
('/fkadmin/offer/delete',	2,	NULL,	NULL,	NULL,	1490167167,	1490167167),
('/fkadmin/offer/index',	2,	NULL,	NULL,	NULL,	1489116977,	1489116977),
('/fkadmin/offer/update',	2,	NULL,	NULL,	NULL,	1490167167,	1490167167),
('/fkadmin/offer/view',	2,	NULL,	NULL,	NULL,	1490167167,	1490167167),
('/fkadmin/order/*',	2,	NULL,	NULL,	NULL,	1490167168,	1490167168),
('/fkadmin/order/bulk-delete',	2,	NULL,	NULL,	NULL,	1490459539,	1490459539),
('/fkadmin/order/create',	2,	NULL,	NULL,	NULL,	1490459539,	1490459539),
('/fkadmin/order/delete',	2,	NULL,	NULL,	NULL,	1490167168,	1490167168),
('/fkadmin/order/index',	2,	NULL,	NULL,	NULL,	1490167167,	1490167167),
('/fkadmin/order/update',	2,	NULL,	NULL,	NULL,	1490167167,	1490167167),
('/fkadmin/order/view',	2,	NULL,	NULL,	NULL,	1490167167,	1490167167),
('/fkadmin/page/*',	2,	NULL,	NULL,	NULL,	1488880304,	1488880304),
('/fkadmin/page/bulk-delete',	2,	NULL,	NULL,	NULL,	1488880304,	1488880304),
('/fkadmin/page/create',	2,	NULL,	NULL,	NULL,	1488880304,	1488880304),
('/fkadmin/page/delete',	2,	NULL,	NULL,	NULL,	1488880304,	1488880304),
('/fkadmin/page/index',	2,	NULL,	NULL,	NULL,	1488880303,	1488880303),
('/fkadmin/page/update',	2,	NULL,	NULL,	NULL,	1488880304,	1488880304),
('/fkadmin/page/view',	2,	NULL,	NULL,	NULL,	1488880304,	1488880304),
('/fkadmin/partner-branch/*',	2,	NULL,	NULL,	NULL,	1490167168,	1490167168),
('/fkadmin/partner-branch/create',	2,	NULL,	NULL,	NULL,	1490167168,	1490167168),
('/fkadmin/partner-branch/delete',	2,	NULL,	NULL,	NULL,	1490167168,	1490167168),
('/fkadmin/partner-branch/index',	2,	NULL,	NULL,	NULL,	1490167168,	1490167168),
('/fkadmin/partner-branch/update',	2,	NULL,	NULL,	NULL,	1490167168,	1490167168),
('/fkadmin/partner-branch/view',	2,	NULL,	NULL,	NULL,	1490167168,	1490167168),
('/fkadmin/partner-has-user/*',	2,	NULL,	NULL,	NULL,	1490167168,	1490167168),
('/fkadmin/partner-has-user/create',	2,	NULL,	NULL,	NULL,	1490167168,	1490167168),
('/fkadmin/partner-has-user/delete',	2,	NULL,	NULL,	NULL,	1490167168,	1490167168),
('/fkadmin/partner-has-user/index',	2,	NULL,	NULL,	NULL,	1490167168,	1490167168),
('/fkadmin/partner-has-user/update',	2,	NULL,	NULL,	NULL,	1490167168,	1490167168),
('/fkadmin/partner-has-user/view',	2,	NULL,	NULL,	NULL,	1490167168,	1490167168),
('/fkadmin/partner/*',	2,	NULL,	NULL,	NULL,	1490167168,	1490167168),
('/fkadmin/partner/create',	2,	NULL,	NULL,	NULL,	1490167168,	1490167168),
('/fkadmin/partner/delete',	2,	NULL,	NULL,	NULL,	1490167168,	1490167168),
('/fkadmin/partner/index',	2,	NULL,	NULL,	NULL,	1489117176,	1489117176),
('/fkadmin/partner/update',	2,	NULL,	NULL,	NULL,	1490167168,	1490167168),
('/fkadmin/partner/view',	2,	NULL,	NULL,	NULL,	1490167168,	1490167168),
('/fkadmin/passion/*',	2,	NULL,	NULL,	NULL,	1490167168,	1490167168),
('/fkadmin/passion/bulk-delete',	2,	NULL,	NULL,	NULL,	1490167168,	1490167168),
('/fkadmin/passion/create',	2,	NULL,	NULL,	NULL,	1490167168,	1490167168),
('/fkadmin/passion/delete',	2,	NULL,	NULL,	NULL,	1490167168,	1490167168),
('/fkadmin/passion/index',	2,	NULL,	NULL,	NULL,	1490167168,	1490167168),
('/fkadmin/passion/update',	2,	NULL,	NULL,	NULL,	1490167168,	1490167168),
('/fkadmin/passion/view',	2,	NULL,	NULL,	NULL,	1490167168,	1490167168),
('/fkadmin/payment-type/*',	2,	NULL,	NULL,	NULL,	1490167168,	1490167168),
('/fkadmin/payment-type/bulk-delete',	2,	NULL,	NULL,	NULL,	1490167168,	1490167168),
('/fkadmin/payment-type/create',	2,	NULL,	NULL,	NULL,	1490167168,	1490167168),
('/fkadmin/payment-type/delete',	2,	NULL,	NULL,	NULL,	1490167168,	1490167168),
('/fkadmin/payment-type/index',	2,	NULL,	NULL,	NULL,	1489055926,	1489055926),
('/fkadmin/payment-type/update',	2,	NULL,	NULL,	NULL,	1490167168,	1490167168),
('/fkadmin/payment-type/view',	2,	NULL,	NULL,	NULL,	1490167168,	1490167168),
('/fkadmin/payment/*',	2,	NULL,	NULL,	NULL,	1490167168,	1490167168),
('/fkadmin/payment/bulk-delete',	2,	NULL,	NULL,	NULL,	1490167168,	1490167168),
('/fkadmin/payment/create',	2,	NULL,	NULL,	NULL,	1490167168,	1490167168),
('/fkadmin/payment/delete',	2,	NULL,	NULL,	NULL,	1490167168,	1490167168),
('/fkadmin/payment/index',	2,	NULL,	NULL,	NULL,	1489055926,	1489055926),
('/fkadmin/payment/update',	2,	NULL,	NULL,	NULL,	1490167168,	1490167168),
('/fkadmin/payment/view',	2,	NULL,	NULL,	NULL,	1490167168,	1490167168),
('/fkadmin/province/*',	2,	NULL,	NULL,	NULL,	1490167168,	1490167168),
('/fkadmin/province/bulk-delete',	2,	NULL,	NULL,	NULL,	1490167168,	1490167168),
('/fkadmin/province/create',	2,	NULL,	NULL,	NULL,	1490167168,	1490167168),
('/fkadmin/province/delete',	2,	NULL,	NULL,	NULL,	1490167168,	1490167168),
('/fkadmin/province/index',	2,	NULL,	NULL,	NULL,	1489055300,	1489055300),
('/fkadmin/province/update',	2,	NULL,	NULL,	NULL,	1490167168,	1490167168),
('/fkadmin/province/view',	2,	NULL,	NULL,	NULL,	1490167168,	1490167168),
('/fkadmin/skill/*',	2,	NULL,	NULL,	NULL,	1490167169,	1490167169),
('/fkadmin/skill/bulk-delete',	2,	NULL,	NULL,	NULL,	1490167168,	1490167168),
('/fkadmin/skill/create',	2,	NULL,	NULL,	NULL,	1490167168,	1490167168),
('/fkadmin/skill/delete',	2,	NULL,	NULL,	NULL,	1490167168,	1490167168),
('/fkadmin/skill/index',	2,	NULL,	NULL,	NULL,	1490167168,	1490167168),
('/fkadmin/skill/update',	2,	NULL,	NULL,	NULL,	1490167168,	1490167168),
('/fkadmin/skill/view',	2,	NULL,	NULL,	NULL,	1490167168,	1490167168),
('/fkadmin/user/*',	2,	NULL,	NULL,	NULL,	1488812487,	1488812487),
('/fkadmin/user/admin/*',	2,	NULL,	NULL,	NULL,	1488812486,	1488812486),
('/fkadmin/user/admin/assignments',	2,	NULL,	NULL,	NULL,	1488812486,	1488812486),
('/fkadmin/user/admin/block',	2,	NULL,	NULL,	NULL,	1488812486,	1488812486),
('/fkadmin/user/admin/company',	2,	NULL,	NULL,	NULL,	1490167166,	1490167166),
('/fkadmin/user/admin/confirm',	2,	NULL,	NULL,	NULL,	1488812486,	1488812486),
('/fkadmin/user/admin/create',	2,	NULL,	NULL,	NULL,	1488812485,	1488812485),
('/fkadmin/user/admin/delete',	2,	NULL,	NULL,	NULL,	1488812486,	1488812486),
('/fkadmin/user/admin/index',	2,	NULL,	NULL,	NULL,	1488812485,	1488812485),
('/fkadmin/user/admin/info',	2,	NULL,	NULL,	NULL,	1488812485,	1488812485),
('/fkadmin/user/admin/resend-password',	2,	NULL,	NULL,	NULL,	1488812486,	1488812486),
('/fkadmin/user/admin/switch',	2,	NULL,	NULL,	NULL,	1488812486,	1488812486),
('/fkadmin/user/admin/update',	2,	NULL,	NULL,	NULL,	1488812485,	1488812485),
('/fkadmin/user/admin/update-profile',	2,	NULL,	NULL,	NULL,	1488812485,	1488812485),
('/fkadmin/user/profile/*',	2,	NULL,	NULL,	NULL,	1488812486,	1488812486),
('/fkadmin/user/profile/index',	2,	NULL,	NULL,	NULL,	1488812486,	1488812486),
('/fkadmin/user/profile/show',	2,	NULL,	NULL,	NULL,	1488812486,	1488812486),
('/fkadmin/user/recovery/*',	2,	NULL,	NULL,	NULL,	1488812486,	1488812486),
('/fkadmin/user/recovery/request',	2,	NULL,	NULL,	NULL,	1488812486,	1488812486),
('/fkadmin/user/recovery/reset',	2,	NULL,	NULL,	NULL,	1488812486,	1488812486),
('/fkadmin/user/registration/*',	2,	NULL,	NULL,	NULL,	1488812486,	1488812486),
('/fkadmin/user/registration/confirm',	2,	NULL,	NULL,	NULL,	1488812486,	1488812486),
('/fkadmin/user/registration/connect',	2,	NULL,	NULL,	NULL,	1488812486,	1488812486),
('/fkadmin/user/registration/register',	2,	NULL,	NULL,	NULL,	1488812486,	1488812486),
('/fkadmin/user/registration/resend',	2,	NULL,	NULL,	NULL,	1488812486,	1488812486),
('/fkadmin/user/security/*',	2,	NULL,	NULL,	NULL,	1488812486,	1488812486),
('/fkadmin/user/security/auth',	2,	NULL,	NULL,	NULL,	1488812486,	1488812486),
('/fkadmin/user/security/login',	2,	NULL,	NULL,	NULL,	1488812486,	1488812486),
('/fkadmin/user/security/logout',	2,	NULL,	NULL,	NULL,	1488812486,	1488812486),
('/fkadmin/user/settings/*',	2,	NULL,	NULL,	NULL,	1488812487,	1488812487),
('/fkadmin/user/settings/account',	2,	NULL,	NULL,	NULL,	1488812486,	1488812486),
('/fkadmin/user/settings/confirm',	2,	NULL,	NULL,	NULL,	1488812486,	1488812486),
('/fkadmin/user/settings/delete',	2,	NULL,	NULL,	NULL,	1488812487,	1488812487),
('/fkadmin/user/settings/disconnect',	2,	NULL,	NULL,	NULL,	1488812486,	1488812486),
('/fkadmin/user/settings/networks',	2,	NULL,	NULL,	NULL,	1488812486,	1488812486),
('/fkadmin/user/settings/profile',	2,	NULL,	NULL,	NULL,	1488812486,	1488812486),
('/fkadmin/visitor/*',	2,	NULL,	NULL,	NULL,	1490167169,	1490167169),
('/fkadmin/visitor/bulk-delete',	2,	NULL,	NULL,	NULL,	1490167169,	1490167169),
('/fkadmin/visitor/create',	2,	NULL,	NULL,	NULL,	1490167169,	1490167169),
('/fkadmin/visitor/delete',	2,	NULL,	NULL,	NULL,	1490167169,	1490167169),
('/fkadmin/visitor/index',	2,	NULL,	NULL,	NULL,	1489056795,	1489056795),
('/fkadmin/visitor/update',	2,	NULL,	NULL,	NULL,	1490167169,	1490167169),
('/fkadmin/visitor/view',	2,	NULL,	NULL,	NULL,	1490167169,	1490167169),
('/gii/*',	2,	NULL,	NULL,	NULL,	1488812489,	1488812489),
('/gii/default/*',	2,	NULL,	NULL,	NULL,	1488812489,	1488812489),
('/gii/default/action',	2,	NULL,	NULL,	NULL,	1488812489,	1488812489),
('/gii/default/diff',	2,	NULL,	NULL,	NULL,	1488812489,	1488812489),
('/gii/default/index',	2,	NULL,	NULL,	NULL,	1488812489,	1488812489),
('/gii/default/preview',	2,	NULL,	NULL,	NULL,	1488812489,	1488812489),
('/gii/default/view',	2,	NULL,	NULL,	NULL,	1488812489,	1488812489),
('/gridview/*',	2,	NULL,	NULL,	NULL,	1488812483,	1488812483),
('/gridview/export/*',	2,	NULL,	NULL,	NULL,	1488812483,	1488812483),
('/gridview/export/download',	2,	NULL,	NULL,	NULL,	1488812483,	1488812483),
('/job/*',	2,	NULL,	NULL,	NULL,	1490167169,	1490167169),
('/job/detail',	2,	NULL,	NULL,	NULL,	1490167169,	1490167169),
('/job/index',	2,	NULL,	NULL,	NULL,	1490167169,	1490167169),
('/passion/*',	2,	NULL,	NULL,	NULL,	1490167169,	1490167169),
('/passion/create',	2,	NULL,	NULL,	NULL,	1490167169,	1490167169),
('/passion/delete',	2,	NULL,	NULL,	NULL,	1490167169,	1490167169),
('/passion/index',	2,	NULL,	NULL,	NULL,	1490167169,	1490167169),
('/site/*',	2,	NULL,	NULL,	NULL,	1488812489,	1488812489),
('/site/about',	2,	NULL,	NULL,	NULL,	1488812489,	1488812489),
('/site/captcha',	2,	NULL,	NULL,	NULL,	1488812489,	1488812489),
('/site/contact',	2,	NULL,	NULL,	NULL,	1488812489,	1488812489),
('/site/error',	2,	NULL,	NULL,	NULL,	1488812489,	1488812489),
('/site/index',	2,	NULL,	NULL,	NULL,	1488812489,	1488812489),
('/site/login',	2,	NULL,	NULL,	NULL,	1488812489,	1488812489),
('/site/logout',	2,	NULL,	NULL,	NULL,	1488812489,	1488812489),
('/skill/*',	2,	NULL,	NULL,	NULL,	1490167169,	1490167169),
('/skill/create',	2,	NULL,	NULL,	NULL,	1490167169,	1490167169),
('/skill/delete',	2,	NULL,	NULL,	NULL,	1490167169,	1490167169),
('/skill/index',	2,	NULL,	NULL,	NULL,	1490167169,	1490167169),
('/user-dashboard/*',	2,	NULL,	NULL,	NULL,	1490167169,	1490167169),
('/user-dashboard/index',	2,	NULL,	NULL,	NULL,	1490167169,	1490167169),
('/user-dashboard/job-apply',	2,	NULL,	NULL,	NULL,	1490167169,	1490167169),
('/user-dashboard/walk-interview',	2,	NULL,	NULL,	NULL,	1490172989,	1490172989),
('/user/*',	2,	NULL,	NULL,	NULL,	1488812489,	1488812489),
('/user/admin/*',	2,	NULL,	NULL,	NULL,	1488812488,	1488812488),
('/user/admin/assignments',	2,	NULL,	NULL,	NULL,	1488812487,	1488812487),
('/user/admin/block',	2,	NULL,	NULL,	NULL,	1488812488,	1488812488),
('/user/admin/confirm',	2,	NULL,	NULL,	NULL,	1488812487,	1488812487),
('/user/admin/create',	2,	NULL,	NULL,	NULL,	1488812487,	1488812487),
('/user/admin/delete',	2,	NULL,	NULL,	NULL,	1488812488,	1488812488),
('/user/admin/index',	2,	NULL,	NULL,	NULL,	1488812487,	1488812487),
('/user/admin/info',	2,	NULL,	NULL,	NULL,	1488812487,	1488812487),
('/user/admin/resend-password',	2,	NULL,	NULL,	NULL,	1488812488,	1488812488),
('/user/admin/switch',	2,	NULL,	NULL,	NULL,	1488812487,	1488812487),
('/user/admin/update',	2,	NULL,	NULL,	NULL,	1488812487,	1488812487),
('/user/admin/update-profile',	2,	NULL,	NULL,	NULL,	1488812487,	1488812487),
('/user/profile/*',	2,	NULL,	NULL,	NULL,	1488812488,	1488812488),
('/user/profile/index',	2,	NULL,	NULL,	NULL,	1488812488,	1488812488),
('/user/profile/show',	2,	NULL,	NULL,	NULL,	1488812488,	1488812488),
('/user/profile/update',	2,	NULL,	NULL,	NULL,	1490167961,	1490167961),
('/user/recovery/*',	2,	NULL,	NULL,	NULL,	1488812488,	1488812488),
('/user/recovery/request',	2,	NULL,	NULL,	NULL,	1488812488,	1488812488),
('/user/recovery/reset',	2,	NULL,	NULL,	NULL,	1488812488,	1488812488),
('/user/registration/*',	2,	NULL,	NULL,	NULL,	1488812488,	1488812488),
('/user/registration/confirm',	2,	NULL,	NULL,	NULL,	1488812488,	1488812488),
('/user/registration/connect',	2,	NULL,	NULL,	NULL,	1488812488,	1488812488),
('/user/registration/register',	2,	NULL,	NULL,	NULL,	1488812488,	1488812488),
('/user/registration/resend',	2,	NULL,	NULL,	NULL,	1488812488,	1488812488),
('/user/security/*',	2,	NULL,	NULL,	NULL,	1488812488,	1488812488),
('/user/security/auth',	2,	NULL,	NULL,	NULL,	1488812488,	1488812488),
('/user/security/login',	2,	NULL,	NULL,	NULL,	1488812488,	1488812488),
('/user/security/logout',	2,	NULL,	NULL,	NULL,	1488812488,	1488812488),
('/user/settings/*',	2,	NULL,	NULL,	NULL,	1488812489,	1488812489),
('/user/settings/account',	2,	NULL,	NULL,	NULL,	1488812488,	1488812488),
('/user/settings/company',	2,	NULL,	NULL,	NULL,	1488812489,	1488812489),
('/user/settings/confirm',	2,	NULL,	NULL,	NULL,	1488812488,	1488812488),
('/user/settings/delete',	2,	NULL,	NULL,	NULL,	1488812488,	1488812488),
('/user/settings/disconnect',	2,	NULL,	NULL,	NULL,	1488812488,	1488812488),
('/user/settings/networks',	2,	NULL,	NULL,	NULL,	1488812488,	1488812488),
('/user/settings/profile',	2,	NULL,	NULL,	NULL,	1488812488,	1488812488),
('applicant',	1,	'pelamar, hak akses khusus halaman pelamar tersebut',	NULL,	NULL,	1488812349,	1488812349),
('general-company',	1,	'perusahaan umum dan tidak terikat kerjasama dengan findkarir, hanya bisa create job',	NULL,	NULL,	1488812391,	1488812391),
('member',	1,	'perseorangan bawahan partner findkarir yang bisa akses admin tetapi hanya bisa create job dan company bawahan partner',	NULL,	NULL,	1488812307,	1488812307),
('superadmin',	1,	'Hak akses penuh di halaman admin Findkarir',	NULL,	NULL,	1488812243,	1488812243),
('user',	1,	'hak akses yang membantu superadmin dalam mengelola sebuah sistem backend findkarir',	NULL,	NULL,	1488812429,	1488812429);

DROP TABLE IF EXISTS `auth_item_child`;
CREATE TABLE `auth_item_child` (
  `parent` varchar(64) COLLATE utf8_unicode_ci NOT NULL,
  `child` varchar(64) COLLATE utf8_unicode_ci NOT NULL,
  PRIMARY KEY (`parent`,`child`),
  KEY `child` (`child`),
  CONSTRAINT `auth_item_child_ibfk_1` FOREIGN KEY (`parent`) REFERENCES `auth_item` (`name`) ON DELETE CASCADE ON UPDATE CASCADE,
  CONSTRAINT `auth_item_child_ibfk_2` FOREIGN KEY (`child`) REFERENCES `auth_item` (`name`) ON DELETE CASCADE ON UPDATE CASCADE
) ENGINE=InnoDB DEFAULT CHARSET=utf8 COLLATE=utf8_unicode_ci;

INSERT INTO `auth_item_child` (`parent`, `child`) VALUES
('superadmin',	'/*'),
('applicant',	'/education/*'),
('applicant',	'/education/create'),
('applicant',	'/education/delete'),
('applicant',	'/education/index'),
('applicant',	'/education/update'),
('applicant',	'/education/view'),
('applicant',	'/passion/*'),
('applicant',	'/passion/create'),
('applicant',	'/passion/delete'),
('applicant',	'/passion/index'),
('applicant',	'/skill/*'),
('applicant',	'/skill/create'),
('applicant',	'/skill/delete'),
('applicant',	'/skill/index'),
('applicant',	'/user-dashboard/*'),
('applicant',	'/user-dashboard/index'),
('applicant',	'/user-dashboard/job-apply'),
('applicant',	'/user/profile/update');

DROP TABLE IF EXISTS `auth_rule`;
CREATE TABLE `auth_rule` (
  `name` varchar(64) COLLATE utf8_unicode_ci NOT NULL,
  `data` blob,
  `created_at` int(11) DEFAULT NULL,
  `updated_at` int(11) DEFAULT NULL,
  PRIMARY KEY (`name`)
) ENGINE=InnoDB DEFAULT CHARSET=utf8 COLLATE=utf8_unicode_ci;


DROP TABLE IF EXISTS `city`;
CREATE TABLE `city` (
  `id` int(11) NOT NULL AUTO_INCREMENT,
  `province_id` int(11) NOT NULL,
  `name` varchar(100) COLLATE utf8_unicode_ci NOT NULL,
  `status` smallint(6) NOT NULL DEFAULT '1',
  PRIMARY KEY (`id`),
  KEY `province_id` (`province_id`),
  CONSTRAINT `city_ibfk_2` FOREIGN KEY (`province_id`) REFERENCES `province` (`id`) ON DELETE CASCADE ON UPDATE CASCADE
) ENGINE=InnoDB DEFAULT CHARSET=utf8 COLLATE=utf8_unicode_ci;

INSERT INTO `city` (`id`, `province_id`, `name`, `status`) VALUES
(1,	1,	'Kabupaten Aceh Barat',	1),
(2,	1,	'Kabupaten Aceh Barat Daya',	1),
(3,	1,	'Kabupaten Aceh Besar',	1),
(4,	1,	'Kabupaten Aceh Jaya',	1),
(5,	1,	'Kabupaten Aceh Selatan',	1),
(6,	1,	'Kabupaten Aceh Singkil',	1),
(7,	1,	'Kabupaten Aceh Tamiang',	1),
(8,	1,	'Kabupaten Aceh Tengah',	1),
(9,	1,	'Kabupaten Aceh Tenggara',	1),
(10,	1,	'Kabupaten Aceh Timur',	1),
(11,	1,	'Kabupaten Aceh Utara',	1),
(12,	1,	'Kabupaten Bener Meriah',	1),
(13,	1,	'Kabupaten Bireuen',	1),
(14,	1,	'Kabupaten Gayo Luwes',	1),
(15,	1,	'Kabupaten Nagan Raya',	1),
(16,	1,	'Kabupaten Pidie',	1),
(17,	1,	'Kabupaten Pidie Jaya',	1),
(18,	1,	'Kabupaten Simeulue',	1),
(19,	1,	'Kota Banda Aceh',	1),
(20,	1,	'Kota Langsa',	1),
(21,	1,	'Kota Lhokseumawe',	1),
(22,	1,	'Kota Sabang',	1),
(23,	1,	'Kota Subulussalam',	1),
(24,	2,	'Kabupaten Asahan',	1),
(25,	2,	'Kabupaten Batubara',	1),
(26,	2,	'Kabupaten Dairi',	1),
(27,	2,	'Kabupaten Deli Serdang',	1),
(28,	2,	'Kabupaten Humbang Hasundutan',	1),
(29,	2,	'Kabupaten Karo',	1),
(30,	2,	'Kabupaten Labuhan Batu',	1),
(31,	2,	'Kabupaten Labuhanbatu Selatan',	1),
(32,	2,	'Kabupaten Labuhanbatu Utara',	1),
(33,	2,	'Kabupaten Langkat',	1),
(34,	2,	'Kabupaten Mandailing Natal',	1),
(35,	2,	'Kabupaten Nias',	1),
(36,	2,	'Kabupaten Nias Barat',	1),
(37,	2,	'Kabupaten Nias Selatan',	1),
(38,	2,	'Kabupaten Nias Utara',	1),
(39,	2,	'Kabupaten Padang Lawas',	1),
(40,	2,	'Kabupaten Padang Lawas Utara',	1),
(41,	2,	'Kabupaten Pakpak Barat',	1),
(42,	2,	'Kabupaten Samosir',	1),
(43,	2,	'Kabupaten Serdang Bedagai',	1),
(44,	2,	'Kabupaten Simalungun',	1),
(45,	2,	'Kabupaten Tapanuli Selatan',	1),
(46,	2,	'Kabupaten Tapanuli Tengah',	1),
(47,	2,	'Kabupaten Tapanuli Utara',	1),
(48,	2,	'Kabupaten Toba Samosir',	1),
(49,	2,	'Kota Binjai',	1),
(50,	2,	'Kota Gunung Sitoli',	1),
(51,	2,	'Kota Medan',	1),
(52,	2,	'Kota Padangsidempuan',	1),
(53,	2,	'Kota Pematang Siantar',	1),
(54,	2,	'Kota Sibolga',	1),
(55,	2,	'Kota Tanjung Balai',	1),
(56,	2,	'Kota Tebing Tinggi',	1),
(57,	3,	'Kabupaten Agam',	1),
(58,	3,	'Kabupaten Dharmas Raya',	1),
(59,	3,	'Kabupaten Kepulauan Mentawai',	1),
(60,	3,	'Kabupaten Lima Puluh Kota',	1),
(61,	3,	'Kabupaten Padang Pariaman',	1),
(62,	3,	'Kabupaten Pasaman',	1),
(63,	3,	'Kabupaten Pasaman Barat',	1),
(64,	3,	'Kabupaten Pesisir Selatan',	1),
(65,	3,	'Kabupaten Sijunjung',	1),
(66,	3,	'Kabupaten Solok',	1),
(67,	3,	'Kabupaten Solok Selatan',	1),
(68,	3,	'Kabupaten Tanah Datar',	1),
(69,	3,	'Kota Bukittinggi',	1),
(70,	3,	'Kota Padang',	1),
(71,	3,	'Kota Padang Panjang',	1),
(72,	3,	'Kota Pariaman',	1),
(73,	3,	'Kota Payakumbuh',	1),
(74,	3,	'Kota Sawah Lunto',	1),
(75,	3,	'Kota Solok',	1),
(76,	4,	'Kabupaten Bengkalis',	1),
(77,	4,	'Kabupaten Indragiri Hilir',	1),
(78,	4,	'Kabupaten Indragiri Hulu',	1),
(79,	4,	'Kabupaten Kampar',	1),
(80,	4,	'Kabupaten Kuantan Singingi',	1),
(81,	4,	'Kabupaten Meranti',	1),
(82,	4,	'Kabupaten Pelalawan',	1),
(83,	4,	'Kabupaten Rokan Hilir',	1),
(84,	4,	'Kabupaten Rokan Hulu',	1),
(85,	4,	'Kabupaten Siak',	1),
(86,	4,	'Kota Dumai',	1),
(87,	4,	'Kota Pekanbaru',	1),
(88,	5,	'Kabupaten Bintan',	1),
(89,	5,	'Kabupaten Karimun',	1),
(90,	5,	'Kabupaten Kepulauan Anambas',	1),
(91,	5,	'Kabupaten Lingga',	1),
(92,	5,	'Kabupaten Natuna',	1),
(93,	5,	'Kota Batam',	1),
(94,	5,	'Kota Tanjung Pinang',	1),
(95,	6,	'Kabupaten Bangka',	1),
(96,	6,	'Kabupaten Bangka Barat',	1),
(97,	6,	'Kabupaten Bangka Selatan',	1),
(98,	6,	'Kabupaten Bangka Tengah',	1),
(99,	6,	'Kabupaten Belitung',	1),
(100,	6,	'Kabupaten Belitung Timur',	1),
(101,	6,	'Kota Pangkal Pinang',	1),
(102,	7,	'Kabupaten Kerinci',	1),
(103,	7,	'Kabupaten Merangin',	1),
(104,	7,	'Kabupaten Sarolangun',	1),
(105,	7,	'Kabupaten Batang Hari',	1),
(106,	7,	'Kabupaten Muaro Jambi',	1),
(107,	7,	'Kabupaten Tanjung Jabung Timur',	1),
(108,	7,	'Kabupaten Tanjung Jabung Barat',	1),
(109,	7,	'Kabupaten Tebo',	1),
(110,	7,	'Kabupaten Bungo',	1),
(111,	7,	'Kota Jambi',	1),
(112,	7,	'Kota Sungai Penuh',	1),
(113,	8,	'Kabupaten Bengkulu Selatan',	1),
(114,	8,	'Kabupaten Bengkulu Tengah',	1),
(115,	8,	'Kabupaten Bengkulu Utara',	1),
(116,	8,	'Kabupaten Kaur',	1),
(117,	8,	'Kabupaten Kepahiang',	1),
(118,	8,	'Kabupaten Lebong',	1),
(119,	8,	'Kabupaten Mukomuko',	1),
(120,	8,	'Kabupaten Rejang Lebong',	1),
(121,	8,	'Kabupaten Seluma',	1),
(122,	8,	'Kota Bengkulu',	1),
(123,	9,	'Kabupaten Banyuasin',	1),
(124,	9,	'Kabupaten Empat Lawang',	1),
(125,	9,	'Kabupaten Lahat',	1),
(126,	9,	'Kabupaten Muara Enim',	1),
(127,	9,	'Kabupaten Musi Banyu Asin',	1),
(128,	9,	'Kabupaten Musi Rawas',	1),
(129,	9,	'Kabupaten Ogan Ilir',	1),
(130,	9,	'Kabupaten Ogan Komering Ilir',	1),
(131,	9,	'Kabupaten Ogan Komering Ulu',	1),
(132,	9,	'Kabupaten Ogan Komering Ulu Se',	1),
(133,	9,	'Kabupaten Ogan Komering Ulu Ti',	1),
(134,	9,	'Kota Lubuklinggau',	1),
(135,	9,	'Kota Pagar Alam',	1),
(136,	9,	'Kota Palembang',	1),
(137,	9,	'Kota Prabumulih',	1),
(138,	10,	'Kabupaten Lampung Barat',	1),
(139,	10,	'Kabupaten Lampung Selatan',	1),
(140,	10,	'Kabupaten Lampung Tengah',	1),
(141,	10,	'Kabupaten Lampung Timur',	1),
(142,	10,	'Kabupaten Lampung Utara',	1),
(143,	10,	'Kabupaten Mesuji',	1),
(144,	10,	'Kabupaten Pesawaran',	1),
(145,	10,	'Kabupaten Pringsewu',	1),
(146,	10,	'Kabupaten Tanggamus',	1),
(147,	10,	'Kabupaten Tulang Bawang',	1),
(148,	10,	'Kabupaten Tulang Bawang Barat',	1),
(149,	10,	'Kabupaten Way Kanan',	1),
(150,	10,	'Kota Bandar Lampung',	1),
(151,	10,	'Kota Metro',	1),
(152,	11,	'Kabupaten Lebak',	1),
(153,	11,	'Kabupaten Pandeglang',	1),
(154,	11,	'Kabupaten Serang',	1),
(155,	11,	'Kabupaten Tangerang',	1),
(156,	11,	'Kota Cilegon',	1),
(157,	11,	'Kota Serang',	1),
(158,	11,	'Kota Tangerang',	1),
(159,	11,	'Kota Tangerang Selatan',	1),
(160,	12,	'Kabupaten Adm. Kepulauan Seribu',	1),
(161,	12,	'Kota Jakarta Barat',	1),
(162,	12,	'Kota Jakarta Pusat',	1),
(163,	12,	'Kota Jakarta Selatan',	1),
(164,	12,	'Kota Jakarta Timur',	1),
(165,	12,	'Kota Jakarta Utara',	1),
(166,	13,	'Kabupaten Bandung',	1),
(167,	13,	'Kabupaten Bandung Barat',	1),
(168,	13,	'Kabupaten Bekasi',	1),
(169,	13,	'Kabupaten Bogor',	1),
(170,	13,	'Kabupaten Ciamis',	1),
(171,	13,	'Kabupaten Cianjur',	1),
(172,	13,	'Kabupaten Cirebon',	1),
(173,	13,	'Kabupaten Garut',	1),
(174,	13,	'Kabupaten Indramayu',	1),
(175,	13,	'Kabupaten Karawang',	1),
(176,	13,	'Kabupaten Kuningan',	1),
(177,	13,	'Kabupaten Majalengka',	1),
(178,	13,	'Kabupaten Purwakarta',	1),
(179,	13,	'Kabupaten Subang',	1),
(180,	13,	'Kabupaten Sukabumi',	1),
(181,	13,	'Kabupaten Sumedang',	1),
(182,	13,	'Kabupaten Tasikmalaya',	1),
(183,	13,	'Kota Bandung',	1),
(184,	13,	'Kota Banjar',	1),
(185,	13,	'Kota Bekasi',	1),
(186,	13,	'Kota Bogor',	1),
(187,	13,	'Kota Cimahi',	1),
(188,	13,	'Kota Cirebon',	1),
(189,	13,	'Kota Depok',	1),
(190,	13,	'Kota Sukabumi',	1),
(191,	13,	'Kota Tasikmalaya',	1),
(192,	14,	'Kabupaten Banjarnegara',	1),
(193,	14,	'Kabupaten Banyumas',	1),
(194,	14,	'Kabupaten Batang',	1),
(195,	14,	'Kabupaten Blora',	1),
(196,	14,	'Kabupaten Boyolali',	1),
(197,	14,	'Kabupaten Brebes',	1),
(198,	14,	'Kabupaten Cilacap',	1),
(199,	14,	'Kabupaten Demak',	1),
(200,	14,	'Kabupaten Grobogan',	1),
(201,	14,	'Kabupaten Jepara',	1),
(202,	14,	'Kabupaten Karanganyar',	1),
(203,	14,	'Kabupaten Kebumen',	1),
(204,	14,	'Kabupaten Kendal',	1),
(205,	14,	'Kabupaten Klaten',	1),
(206,	14,	'Kabupaten Kota Tegal',	1),
(207,	14,	'Kabupaten Kudus',	1),
(208,	14,	'Kabupaten Magelang',	1),
(209,	14,	'Kabupaten Pati',	1),
(210,	14,	'Kabupaten Pekalongan',	1),
(211,	14,	'Kabupaten Pemalang',	1),
(212,	14,	'Kabupaten Purbalingga',	1),
(213,	14,	'Kabupaten Purworejo',	1),
(214,	14,	'Kabupaten Rembang',	1),
(215,	14,	'Kabupaten Semarang',	1),
(216,	14,	'Kabupaten Sragen',	1),
(217,	14,	'Kabupaten Sukoharjo',	1),
(218,	14,	'Kabupaten Temanggung',	1),
(219,	14,	'Kabupaten Wonogiri',	1),
(220,	14,	'Kabupaten Wonosobo',	1),
(221,	14,	'Kota Magelang',	1),
(222,	14,	'Kota Pekalongan',	1),
(223,	14,	'Kota Salatiga',	1),
(224,	14,	'Kota Semarang',	1),
(225,	14,	'Kota Surakarta',	1),
(226,	14,	'Kota Tegal',	1),
(227,	15,	'Kabupaten Bantul',	1),
(228,	15,	'Kabupaten Gunung Kidul',	1),
(229,	15,	'Kabupaten Kulon Progo',	1),
(230,	15,	'Kabupaten Sleman',	1),
(231,	15,	'Kota Yogyakarta',	1),
(232,	16,	'Kabupaten Bangkalan',	1),
(233,	16,	'Kabupaten Banyuwangi',	1),
(234,	16,	'Kabupaten Blitar',	1),
(235,	16,	'Kabupaten Bojonegoro',	1),
(236,	16,	'Kabupaten Bondowoso',	1),
(237,	16,	'Kabupaten Gresik',	1),
(238,	16,	'Kabupaten Jember',	1),
(239,	16,	'Kabupaten Jombang',	1),
(240,	16,	'Kabupaten Kediri',	1),
(241,	16,	'Kabupaten Lamongan',	1),
(242,	16,	'Kabupaten Lumajang',	1),
(243,	16,	'Kabupaten Madiun',	1),
(244,	16,	'Kabupaten Magetan',	1),
(245,	16,	'Kabupaten Malang',	1),
(246,	16,	'Kabupaten Mojokerto',	1),
(247,	16,	'Kabupaten Nganjuk',	1),
(248,	16,	'Kabupaten Ngawi',	1),
(249,	16,	'Kabupaten Pacitan',	1),
(250,	16,	'Kabupaten Pamekasan',	1),
(251,	16,	'Kabupaten Pasuruan',	1),
(252,	16,	'Kabupaten Ponorogo',	1),
(253,	16,	'Kabupaten Probolinggo',	1),
(254,	16,	'Kabupaten Sampang',	1),
(255,	16,	'Kabupaten Sidoarjo',	1),
(256,	16,	'Kabupaten Situbondo',	1),
(257,	16,	'Kabupaten Sumenep',	1),
(258,	16,	'Kabupaten Trenggalek',	1),
(259,	16,	'Kabupaten Tuban',	1),
(260,	16,	'Kabupaten Tulungagung',	1),
(261,	16,	'Kota Batu',	1),
(262,	16,	'Kota Blitar',	1),
(263,	16,	'Kota Kediri',	1),
(264,	16,	'Kota Madiun',	1),
(265,	16,	'Kota Malang',	1),
(266,	16,	'Kota Mojokerto',	1),
(267,	16,	'Kota Pasuruan',	1),
(268,	16,	'Kota Probolinggo',	1),
(269,	16,	'Kota Surabaya',	1),
(270,	17,	'Kabupaten Badung',	1),
(271,	17,	'Kabupaten Bangli',	1),
(272,	17,	'Kabupaten Buleleng',	1),
(273,	17,	'Kabupaten Gianyar',	1),
(274,	17,	'Kabupaten Jembrana',	1),
(275,	17,	'Kabupaten Karang Asem',	1),
(276,	17,	'Kabupaten Klungkung',	1),
(277,	17,	'Kabupaten Tabanan',	1),
(278,	17,	'Kota Denpasar',	1),
(279,	18,	'Kabupaten Bima',	1),
(280,	18,	'Kabupaten Dompu',	1),
(281,	18,	'Kabupaten Lombok Barat',	1),
(282,	18,	'Kabupaten Lombok Tengah',	1),
(283,	18,	'Kabupaten Lombok Timur',	1),
(284,	18,	'Kabupaten Lombok Utara',	1),
(285,	18,	'Kabupaten Sumbawa',	1),
(286,	18,	'Kabupaten Sumbawa Barat',	1),
(287,	18,	'Kota Bima',	1),
(288,	18,	'Kota Mataram',	1),
(289,	19,	'Kabupaten Alor',	1),
(290,	19,	'Kabupaten Belu',	1),
(291,	19,	'Kabupaten Ende',	1),
(292,	19,	'Kabupaten Flores Timur',	1),
(293,	19,	'Kabupaten Kupang',	1),
(294,	19,	'Kabupaten Lembata',	1),
(295,	19,	'Kabupaten Manggarai',	1),
(296,	19,	'Kabupaten Manggarai Barat',	1),
(297,	19,	'Kabupaten Manggarai Timur',	1),
(298,	19,	'Kabupaten Nagekeo',	1),
(299,	19,	'Kabupaten Ngada',	1),
(300,	19,	'Kabupaten Rote Ndao',	1),
(301,	19,	'Kabupaten Sabu Raijua',	1),
(302,	19,	'Kabupaten Sikka',	1),
(303,	19,	'Kabupaten Sumba Barat',	1),
(304,	19,	'Kabupaten Sumba Barat Daya',	1),
(305,	19,	'Kabupaten Sumba Tengah',	1),
(306,	19,	'Kabupaten Sumba Timur',	1),
(307,	19,	'Kabupaten Timor Tengah Selatan',	1),
(308,	19,	'Kabupaten Timor Tengah Utara',	1),
(309,	19,	'Kota Kupang',	1),
(310,	20,	'Kabupaten Bengkayang',	1),
(311,	20,	'Kabupaten Kapuas Hulu',	1),
(312,	20,	'Kabupaten Kayong Utara',	1),
(313,	20,	'Kabupaten Ketapang',	1),
(314,	20,	'Kabupaten Kubu Raya',	1),
(315,	20,	'Kabupaten Landak',	1),
(316,	20,	'Kabupaten Melawi',	1),
(317,	20,	'Kabupaten Pontianak',	1),
(318,	20,	'Kabupaten Sambas',	1),
(319,	20,	'Kabupaten Sanggau',	1),
(320,	20,	'Kabupaten Sekadau',	1),
(321,	20,	'Kabupaten Sintang',	1),
(322,	20,	'Kota Pontianak',	1),
(323,	20,	'Kota Singkawang',	1),
(324,	21,	'Kabupaten Barito Selatan',	1),
(325,	21,	'Kabupaten Barito Timur',	1),
(326,	21,	'Kabupaten Barito Utara',	1),
(327,	21,	'Kabupaten Gunung Mas',	1),
(328,	21,	'Kabupaten Kapuas',	1),
(329,	21,	'Kabupaten Katingan',	1),
(330,	21,	'Kabupaten Kotawaringin Barat',	1),
(331,	21,	'Kabupaten Kotawaringin Timur',	1),
(332,	21,	'Kabupaten Lamandau',	1),
(333,	21,	'Kabupaten Murung Raya',	1),
(334,	21,	'Kabupaten Pulang Pisau',	1),
(335,	21,	'Kabupaten Seruyan',	1),
(336,	21,	'Kabupaten Sukamara',	1),
(337,	21,	'Kota Palangkaraya',	1),
(338,	22,	'Kabupaten Balangan',	1),
(339,	22,	'Kabupaten Banjar',	1),
(340,	22,	'Kabupaten Barito Kuala',	1),
(341,	22,	'Kabupaten Hulu Sungai Selatan',	1),
(342,	22,	'Kabupaten Hulu Sungai Tengah',	1),
(343,	22,	'Kabupaten Hulu Sungai Utara',	1),
(344,	22,	'Kabupaten Kota Baru',	1),
(345,	22,	'Kabupaten Tabalong',	1),
(346,	22,	'Kabupaten Tanah Bumbu',	1),
(347,	22,	'Kabupaten Tanah Laut',	1),
(348,	22,	'Kabupaten Tapin',	1),
(349,	22,	'Kota Banjar Baru',	1),
(350,	22,	'Kota Banjarmasin',	1),
(351,	23,	'Kabupaten Berau',	1),
(352,	23,	'Kabupaten Bulongan',	1),
(353,	23,	'Kabupaten Kutai Barat',	1),
(354,	23,	'Kabupaten Kutai Kartanegara',	1),
(355,	23,	'Kabupaten Kutai Timur',	1),
(356,	23,	'Kabupaten Malinau',	1),
(357,	23,	'Kabupaten Nunukan',	1),
(358,	23,	'Kabupaten Paser',	1),
(359,	23,	'Kabupaten Penajam Paser Utara',	1),
(360,	23,	'Kabupaten Tana Tidung',	1),
(361,	23,	'Kota Balikpapan',	1),
(362,	23,	'Kota Bontang',	1),
(363,	23,	'Kota Samarinda',	1),
(364,	23,	'Kota Tarakan',	1),
(365,	24,	'Kabupaten Boalemo',	1),
(366,	24,	'Kabupaten Bone Bolango',	1),
(367,	24,	'Kabupaten Gorontalo',	1),
(368,	24,	'Kabupaten Gorontalo Utara',	1),
(369,	24,	'Kabupaten Pohuwato',	1),
(370,	24,	'Kota Gorontalo',	1),
(371,	25,	'Kabupaten Bantaeng',	1),
(372,	25,	'Kabupaten Barru',	1),
(373,	25,	'Kabupaten Bone',	1),
(374,	25,	'Kabupaten Bulukumba',	1),
(375,	25,	'Kabupaten Enrekang',	1),
(376,	25,	'Kabupaten Gowa',	1),
(377,	25,	'Kabupaten Jeneponto',	1),
(378,	25,	'Kabupaten Luwu',	1),
(379,	25,	'Kabupaten Luwu Timur',	1),
(380,	25,	'Kabupaten Luwu Utara',	1),
(381,	25,	'Kabupaten Maros',	1),
(382,	25,	'Kabupaten Pangkajene Kepulauan',	1),
(383,	25,	'Kabupaten Pinrang',	1),
(384,	25,	'Kabupaten Selayar',	1),
(385,	25,	'Kabupaten Sidenreng Rappang',	1),
(386,	25,	'Kabupaten Sinjai',	1),
(387,	25,	'Kabupaten Soppeng',	1),
(388,	25,	'Kabupaten Takalar',	1),
(389,	25,	'Kabupaten Tana Toraja',	1),
(390,	25,	'Kabupaten Toraja Utara',	1),
(391,	25,	'Kabupaten Wajo',	1),
(392,	25,	'Kota Makassar',	1),
(393,	25,	'Kota Palopo',	1),
(394,	25,	'Kota Pare-pare',	1),
(395,	26,	'Kabupaten Bombana',	1),
(396,	26,	'Kabupaten Buton',	1),
(397,	26,	'Kabupaten Buton Utara',	1),
(398,	26,	'Kabupaten Kolaka',	1),
(399,	26,	'Kabupaten Kolaka Utara',	1),
(400,	26,	'Kabupaten Konawe',	1),
(401,	26,	'Kabupaten Konawe Selatan',	1),
(402,	26,	'Kabupaten Konawe Utara',	1),
(403,	26,	'Kabupaten Muna',	1),
(404,	26,	'Kabupaten Wakatobi',	1),
(405,	26,	'Kota Bau-bau',	1),
(406,	26,	'Kota Kendari',	1),
(407,	27,	'Kabupaten Banggai',	1),
(408,	27,	'Kabupaten Banggai Kepulauan',	1),
(409,	27,	'Kabupaten Buol',	1),
(410,	27,	'Kabupaten Donggala',	1),
(411,	27,	'Kabupaten Morowali',	1),
(412,	27,	'Kabupaten Parigi Moutong',	1),
(413,	27,	'Kabupaten Poso',	1),
(414,	27,	'Kabupaten Sigi',	1),
(415,	27,	'Kabupaten Tojo Una-Una',	1),
(416,	27,	'Kabupaten Toli Toli',	1),
(417,	27,	'Kota Palu',	1),
(418,	28,	'Kabupaten Bolaang Mangondow',	1),
(419,	28,	'Kabupaten Bolaang Mangondow Se',	1),
(420,	28,	'Kabupaten Bolaang Mangondow Ti',	1),
(421,	28,	'Kabupaten Bolaang Mangondow Ut',	1),
(422,	28,	'Kabupaten Kepulauan Sangihe',	1),
(423,	28,	'Kabupaten Kepulauan Siau Tagul',	1),
(424,	28,	'Kabupaten Kepulauan Talaud',	1),
(425,	28,	'Kabupaten Minahasa',	1),
(426,	28,	'Kabupaten Minahasa Selatan',	1),
(427,	28,	'Kabupaten Minahasa Tenggara',	1),
(428,	28,	'Kabupaten Minahasa Utara',	1),
(429,	28,	'Kota Bitung',	1),
(430,	28,	'Kota Kotamobagu',	1),
(431,	28,	'Kota Manado',	1),
(432,	28,	'Kota Tomohon',	1),
(433,	29,	'Kabupaten Majene',	1),
(434,	29,	'Kabupaten Mamasa',	1),
(435,	29,	'Kabupaten Mamuju',	1),
(436,	29,	'Kabupaten Mamuju Utara',	1),
(437,	29,	'Kabupaten Polewali Mandar',	1),
(438,	30,	'Kabupaten Buru',	1),
(439,	30,	'Kabupaten Buru Selatan',	1),
(440,	30,	'Kabupaten Kepulauan Aru',	1),
(441,	30,	'Kabupaten Maluku Barat Daya',	1),
(442,	30,	'Kabupaten Maluku Tengah',	1),
(443,	30,	'Kabupaten Maluku Tenggara',	1),
(444,	30,	'Kabupaten Maluku Tenggara Bara',	1),
(445,	30,	'Kabupaten Seram Bagian Barat',	1),
(446,	30,	'Kabupaten Seram Bagian Timur',	1),
(447,	30,	'Kota Ambon',	1),
(448,	30,	'Kota Tual',	1),
(449,	31,	'Kabupaten Halmahera Barat',	1),
(450,	31,	'Kabupaten Halmahera Selatan',	1),
(451,	31,	'Kabupaten Halmahera Tengah',	1),
(452,	31,	'Kabupaten Halmahera Timur',	1),
(453,	31,	'Kabupaten Halmahera Utara',	1),
(454,	31,	'Kabupaten Kepulauan Sula',	1),
(455,	31,	'Kabupaten Pulau Morotai',	1),
(456,	31,	'Kota Ternate',	1),
(457,	31,	'Kota Tidore Kepulauan',	1),
(458,	32,	'Kabupaten Fakfak',	1),
(459,	32,	'Kabupaten Kaimana',	1),
(460,	32,	'Kabupaten Manokwari',	1),
(461,	32,	'Kabupaten Maybrat',	1),
(462,	32,	'Kabupaten Raja Ampat',	1),
(463,	32,	'Kabupaten Sorong',	1),
(464,	32,	'Kabupaten Sorong Selatan',	1),
(465,	32,	'Kabupaten Tambrauw',	1),
(466,	32,	'Kabupaten Teluk Bintuni',	1),
(467,	32,	'Kabupaten Teluk Wondama',	1),
(468,	32,	'Kota Sorong',	1),
(469,	33,	'Kabupaten Merauke',	1),
(470,	33,	'Kabupaten Jayawijaya',	1),
(471,	33,	'Kabupaten Nabire',	1),
(472,	33,	'Kabupaten Kepulauan Yapen',	1),
(473,	33,	'Kabupaten Biak Numfor',	1),
(474,	33,	'Kabupaten Paniai',	1),
(475,	33,	'Kabupaten Puncak Jaya',	1),
(476,	33,	'Kabupaten Mimika',	1),
(477,	33,	'Kabupaten Boven Digoel',	1),
(478,	33,	'Kabupaten Mappi',	1),
(479,	33,	'Kabupaten Asmat',	1),
(480,	33,	'Kabupaten Yahukimo',	1),
(481,	33,	'Kabupaten Pegunungan Bintang',	1),
(482,	33,	'Kabupaten Tolikara',	1),
(483,	33,	'Kabupaten Sarmi',	1),
(484,	33,	'Kabupaten Keerom',	1),
(485,	33,	'Kabupaten Waropen',	1),
(486,	33,	'Kabupaten Jayapura',	1),
(487,	33,	'Kabupaten Deiyai',	1),
(488,	33,	'Kabupaten Dogiyai',	1),
(489,	33,	'Kabupaten Intan Jaya',	1),
(490,	33,	'Kabupaten Lanny Jaya',	1),
(491,	33,	'Kabupaten Mamberamo Raya',	1),
(492,	33,	'Kabupaten Mamberamo Tengah',	1),
(493,	33,	'Kabupaten Nduga',	1),
(494,	33,	'Kabupaten Puncak',	1),
(495,	33,	'Kabupaten Supiori',	1),
(496,	33,	'Kabupaten Yalimo',	1),
(497,	33,	'Kota Jayapura',	1),
(498,	34,	'Kabupaten Bulungan',	1),
(499,	34,	'Kabupaten Malinau',	1),
(500,	34,	'Kabupaten Nunukan',	1),
(501,	34,	'Kabupaten Tana Tidung',	1),
(502,	34,	'Kota Tarakan',	1);

DROP TABLE IF EXISTS `company`;
CREATE TABLE `company` (
  `id` bigint(20) NOT NULL AUTO_INCREMENT,
  `user_id` bigint(20) DEFAULT NULL,
  `partner_id` bigint(20) DEFAULT NULL,
  `code` varchar(100) COLLATE utf8_unicode_ci NOT NULL,
  `name` varchar(200) COLLATE utf8_unicode_ci NOT NULL,
  `address` varchar(500) COLLATE utf8_unicode_ci NOT NULL,
  `city_id` int(11) NOT NULL,
  `province_id` int(11) NOT NULL,
  `latitude` char(20) COLLATE utf8_unicode_ci NOT NULL,
  `longitude` char(20) COLLATE utf8_unicode_ci NOT NULL,
  `phone` varchar(15) COLLATE utf8_unicode_ci NOT NULL,
  `sector_area` varchar(50) COLLATE utf8_unicode_ci NOT NULL,
  `employee_quantity` varchar(20) COLLATE utf8_unicode_ci NOT NULL,
  `website` varchar(100) COLLATE utf8_unicode_ci NOT NULL,
  `photo` varchar(100) COLLATE utf8_unicode_ci NOT NULL,
  `description` text COLLATE utf8_unicode_ci NOT NULL,
  `status` smallint(6) NOT NULL DEFAULT '0' COMMENT '1=active;0=inactive',
  `created_at` datetime DEFAULT NULL,
  `created_by` bigint(20) DEFAULT NULL,
  `updated_at` int(11) DEFAULT NULL,
  `updated_by` bigint(20) DEFAULT NULL,
  PRIMARY KEY (`id`),
  UNIQUE KEY `code` (`code`),
  KEY `user_id` (`user_id`),
  CONSTRAINT `company_ibfk_6` FOREIGN KEY (`user_id`) REFERENCES `user` (`id`) ON DELETE CASCADE
) ENGINE=InnoDB DEFAULT CHARSET=utf8 COLLATE=utf8_unicode_ci;

INSERT INTO `company` (`id`, `user_id`, `partner_id`, `code`, `name`, `address`, `city_id`, `province_id`, `latitude`, `longitude`, `phone`, `sector_area`, `employee_quantity`, `website`, `photo`, `description`, `status`, `created_at`, `created_by`, `updated_at`, `updated_by`) VALUES
(4,	13,	NULL,	'GEN201703-000001',	'PT Migrasi Jaya',	'Jl Rahmat',	169,	13,	'1234321',	'546123123',	'09289312312',	'Technology',	'59',	'http://www.atc.co.id',	'pt-migrasi-jaya-dfjdfq5ftjqfl2ry06q.png',	'Test',	1,	'2017-03-10 17:40:30',	1,	2017,	1),
(7,	21,	NULL,	'GEN201703-000002',	'PT Karya Anak Bangsa',	'Jl Merdeka Barat No 12 Jakarta Pusat',	162,	12,	'545678990',	'-0987665',	'021 6181 891',	'Technology',	'68',	'http://www.gojek.id',	'pt-karya-anak-bangsa-gvpivoncb9mia7r3mevb.png',	'tes ',	1,	'2017-03-25 17:46:52',	1,	2017,	1),
(8,	NULL,	1,	'PART201703-000001',	'PT Dari Member',	'Jl Test',	162,	12,	'1223412',	'4434323',	'01238901232',	'Pertanian',	'56',	'http://darimata.id',	'pt-dari-member-xdsuepr6pmjlw26zmq1j.png',	'test',	1,	'2017-03-26 04:40:53',	1,	NULL,	1),
(9,	NULL,	3,	'PART201704-000001',	'Lokodarma Inteligence',	'Jl testin asdgoaslds d',	162,	12,	'2110',	'1209091',	'081672818928',	'Technology',	'59',	'http://darimata.id',	'lokodarma-inteligence-4e-p5ymepgxzyuvyzqtp.png',	'test',	1,	'2017-04-02 04:18:28',	1,	NULL,	1);

DROP TABLE IF EXISTS `config`;
CREATE TABLE `config` (
  `name` char(100) COLLATE utf8_unicode_ci NOT NULL,
  `value` text COLLATE utf8_unicode_ci NOT NULL,
  `label` varchar(255) COLLATE utf8_unicode_ci NOT NULL,
  `notes` text COLLATE utf8_unicode_ci,
  UNIQUE KEY `name` (`name`)
) ENGINE=InnoDB DEFAULT CHARSET=utf8 COLLATE=utf8_unicode_ci;

INSERT INTO `config` (`name`, `value`, `label`, `notes`) VALUES
('admin_email',	'hendrigunawan195@gmail.com',	'',	NULL),
('administrator_public_url',	'[\"\\/fkadmin\\/default\\/login\",\"\\/fkadmin\\/default\\/logout\",\"\\/learn\\/findkarir\\/web\\/fkadmin\\/default\\/login\",\"\\/learn\\/findkarir\\/web\\/fkadmin\\/default\\/logout\"]',	'',	NULL),
('app_contact_address',	'Jakarta, Indonesia',	'Contact Address',	NULL),
('app_contact_address_2',	'Jakarta, Indonesia',	'Contact Address 2',	NULL),
('app_contact_email',	'info@findkarir.com',	'Contact Email',	NULL),
('app_contact_latitude',	'-6.5459917',	'',	NULL),
('app_contact_longitude',	'106.6778467',	'',	NULL),
('app_contact_phone',	'+62 856 1471 500',	'Contact Phone',	NULL),
('app_contact_phone_2',	'+62 856 1471 500',	'Contact Phone 2',	NULL),
('app_copyright',	'Atc',	'',	NULL),
('app_facebook_url',	'https://www.facebook.com/',	'',	NULL),
('app_google_url',	'https://plus.google.com/',	'',	NULL),
('app_main_url',	'http://findkarir.com',	'Web Main Url',	NULL),
('app_name',	'FindKarir',	'',	NULL),
('app_name_url',	'FindKarir.com',	'',	NULL),
('app_pagetitle',	'FindKarir.com | Salah satu situs penyedia lowongan kerja di Indonesia',	'',	NULL),
('app_twitter_url',	'https://www.twitter.com/',	'',	NULL),
('developers_email',	'[\"hendrigunawan195@gmail.com\", \"winatasandi05@gmail.com\"]',	'',	NULL),
('education_category',	'[\"SD\", \"SMP\", \"SMA/SMK\", \"Sarjana\", \"Magister\", \"Doctor\"]',	'',	NULL),
('genders',	'{\"1\":\"Male\",\"2\":\"Female\"}',	'',	NULL),
('main_metadesc',	'Temukan lowongan kerja dan masa depan karier yang lebih baik bersama FindKarir, salah satu situs penyedia informasi pekerjaan di Indonesia',	'',	NULL),
('main_metakey',	'findkarir in indonesia, Jakarta, Surabaya, Bandung, Medan, Palembang, Tangerang, indonesia jobs, indonesia, find karir,  IT jobs, HR jobs, finance jobs, sales jobs, marketing jobs, engineering jobs, customer service jobs, accounting jobs, management jobs, legal jobs, business development, career resource,  career, create resume, education career, employer, employment, employment opportunity, employment asia,  find job, free job posting, it recruitment, human resource, internet recruitment, jobstreet, job, job interview, job listing, job site, job vacancy, job opening, job placement, job opportunity, job seeker, karir tips,  job alert,  job online, job search, lowongan kerja, online job search, online recruitment,  post advertisement, recruitment, recruitment agency, findkarir, find karir',	'',	NULL),
('married_status',	'{\"1\":\"Single\",\"2\":\"Married\"}',	'',	NULL),
('noreply_email',	'no-reply@findkarir.com',	'',	NULL);

DROP TABLE IF EXISTS `currency`;
CREATE TABLE `currency` (
  `id` int(11) NOT NULL AUTO_INCREMENT,
  `code` char(10) COLLATE utf8_unicode_ci NOT NULL,
  `name` char(50) COLLATE utf8_unicode_ci NOT NULL,
  `symbol` char(10) COLLATE utf8_unicode_ci NOT NULL,
  `rate` decimal(14,2) NOT NULL,
  `order` int(11) NOT NULL,
  `status` int(11) NOT NULL,
  PRIMARY KEY (`id`)
) ENGINE=InnoDB DEFAULT CHARSET=utf8 COLLATE=utf8_unicode_ci;

INSERT INTO `currency` (`id`, `code`, `name`, `symbol`, `rate`, `order`, `status`) VALUES
(1,	'IDR',	'Rupiah',	'Rp',	1.00,	1,	1),
(2,	'USD',	'Dollar America',	'$',	13150.00,	2,	0);

DROP TABLE IF EXISTS `education`;
CREATE TABLE `education` (
  `id` bigint(20) NOT NULL AUTO_INCREMENT,
  `user_id` bigint(20) NOT NULL,
  `category` char(20) COLLATE utf8_unicode_ci NOT NULL,
  `name` varchar(100) COLLATE utf8_unicode_ci NOT NULL,
  `department` varchar(50) COLLATE utf8_unicode_ci NOT NULL,
  `started_at` year(4) NOT NULL,
  `graduated_at` year(4) DEFAULT NULL,
  `created_at` datetime DEFAULT NULL,
  `created_by` bigint(20) DEFAULT NULL,
  `updated_at` datetime DEFAULT NULL,
  `updated_by` bigint(20) DEFAULT NULL,
  PRIMARY KEY (`id`),
  KEY `user_id` (`user_id`),
  CONSTRAINT `education_ibfk_1` FOREIGN KEY (`user_id`) REFERENCES `user` (`id`) ON DELETE CASCADE
) ENGINE=InnoDB DEFAULT CHARSET=utf8 COLLATE=utf8_unicode_ci;


DROP TABLE IF EXISTS `job`;
CREATE TABLE `job` (
  `id` bigint(20) NOT NULL AUTO_INCREMENT,
  `code` varchar(100) COLLATE utf8_unicode_ci NOT NULL,
  `company_id` bigint(20) DEFAULT NULL,
  `job_type_id` bigint(20) NOT NULL,
  `name` varchar(200) COLLATE utf8_unicode_ci NOT NULL,
  `description` text COLLATE utf8_unicode_ci NOT NULL,
  `requirement` text COLLATE utf8_unicode_ci NOT NULL,
  `city_id` int(11) NOT NULL,
  `province_id` int(11) NOT NULL,
  `salary_currency_id` int(11) NOT NULL,
  `start_salary` decimal(14,2) NOT NULL,
  `end_salary` decimal(14,2) NOT NULL,
  `open_job_date` date NOT NULL,
  `close_job_date` date NOT NULL,
  `status` smallint(6) NOT NULL DEFAULT '0' COMMENT '0=inactive;1=active',
  `status_updated_at` datetime DEFAULT NULL,
  `status_payment` smallint(6) NOT NULL COMMENT '0=waiting;1=paid;5=free;',
  `status_payment_updated_at` datetime DEFAULT NULL,
  `created_at` datetime DEFAULT NULL,
  `created_by` bigint(20) DEFAULT NULL,
  `updated_at` datetime DEFAULT NULL,
  `updated_by` bigint(20) DEFAULT NULL,
  PRIMARY KEY (`id`),
  UNIQUE KEY `code` (`code`),
  KEY `company_id` (`company_id`),
  KEY `job_type_id` (`job_type_id`),
  CONSTRAINT `job_ibfk_1` FOREIGN KEY (`company_id`) REFERENCES `company` (`id`) ON DELETE CASCADE,
  CONSTRAINT `job_ibfk_2` FOREIGN KEY (`job_type_id`) REFERENCES `job_type` (`id`) ON DELETE CASCADE
) ENGINE=InnoDB DEFAULT CHARSET=utf8 COLLATE=utf8_unicode_ci;

INSERT INTO `job` (`id`, `code`, `company_id`, `job_type_id`, `name`, `description`, `requirement`, `city_id`, `province_id`, `salary_currency_id`, `start_salary`, `end_salary`, `open_job_date`, `close_job_date`, `status`, `status_updated_at`, `status_payment`, `status_payment_updated_at`, `created_at`, `created_by`, `updated_at`, `updated_by`) VALUES
(1,	'1/170314-000001',	4,	2,	'Staf Administrasi Migrasi Jaya',	'<p>Lorem Ipsum is simply dummy text of the printing and typesetting industry. Lorem Ipsum has been the industry&#39;s standard dummy text ever since the 1500s, when an unknown printer took a galley of type and scrambled it to make a type specimen book. It has survived not only five centuries, but also the leap into electronic typesetting, remaining essentially unchanged. It was popularised in the 1960s with the release of Letraset sheets containing Lorem Ipsum passages, and more recently with desktop publishing software like Aldus PageMaker including versions of Lorem Ipsum.</p>\r\n\r\n<p>Lorem Ipsum is simply dummy text of the printing and typesetting industry. Lorem Ipsum has been the industry&#39;s standard dummy text ever since the 1500s, when an unknown printer took a galley of type and scrambled it to make a type specimen book. It has survived not only five centuries, but also the leap into electronic typesetting, remaining essentially unchanged. It was popularised in the 1960s with the release of Letraset sheets containing Lorem Ipsum passages, and more recently with desktop publishing software like Aldus PageMaker including versions of Lorem Ipsum.</p>\r\n',	'<p>Lorem Ipsum is simply dummy text of the printing and typesetting industry. Lorem Ipsum has been the industry&#39;s standard dummy text ever since the 1500s, when an unknown printer took a galley of type and scrambled it to make a type specimen book. It has survived not only five centuries, but also the leap into electronic typesetting, remaining essentially unchanged. It was popularised in the 1960s with the release of Letraset sheets containing Lorem Ipsum passages, and more recently with desktop publishing software like Aldus PageMaker including versions of Lorem Ipsum.</p>\r\n',	161,	12,	1,	3000000.00,	5000000.00,	'2017-03-25',	'2017-04-11',	1,	'2017-04-19 03:26:25',	5,	'2017-04-19 03:26:25',	'2017-03-14 18:15:47',	1,	'2017-04-19 03:26:25',	NULL),
(2,	'8-170326-000001',	8,	2,	'Administrasi terpadu',	'<p>Test online</p>\r\n',	'<p>test fisik</p>\r\n',	162,	12,	1,	3000000.00,	4000000.00,	'2017-03-30',	'2017-04-19',	1,	'2017-04-19 03:26:25',	5,	'2017-04-19 03:26:25',	'2017-03-26 04:58:59',	1,	'2017-04-19 03:26:25',	NULL),
(3,	'9-170402-000001',	9,	2,	'Test',	'<p>usiah fjasdfkl asdifsadf</p>\r\n',	'<p>usa fnsaikjfasfisahf sadfsdf</p>\r\n',	162,	12,	1,	1900000.00,	4000000.00,	'2017-04-02',	'2017-04-19',	1,	'2017-04-19 03:26:25',	1,	'2017-04-19 03:26:25',	'2017-04-02 04:22:54',	1,	NULL,	1),
(4,	'8-170417-000001',	8,	3,	'Web Developer',	'<p>Etiam ultrices magna ipsum, a consectetur turpis feugiat vitae. Pellentesque vel erat molestie, porttitor ipsum ac, eleifend dui. Etiam iaculis velit rutrum consectetur hendrerit. Integer varius metus vel orci efficitur euismod. Quisque magna lacus, pretium vel eleifend nec, sodales ac tortor. Ut non luctus arcu. Donec rhoncus nisi ut blandit maximus. Vivamus bibendum non odio et semper. Nulla nec rhoncus ligula.</p>\r\n\r\n<p>Etiam ultrices magna ipsum, a consectetur turpis feugiat vitae. Pellentesque vel erat molestie, porttitor ipsum ac, eleifend dui. Etiam iaculis velit rutrum consectetur hendrerit. Integer varius metus vel orci efficitur euismod. Quisque magna lacus, pretium vel eleifend nec, sodales ac tortor. Ut non luctus arcu. Donec rhoncus nisi ut blandit maximus. Vivamus bibendum non odio et semper. Nulla nec rhoncus ligula.</p>\r\n\r\n<p>Etiam ultrices magna ipsum, a consectetur turpis feugiat vitae. Pellentesque vel erat molestie, porttitor ipsum ac, eleifend dui. Etiam iaculis velit rutrum consectetur hendrerit. Integer varius metus vel orci efficitur euismod. Quisque magna lacus, pretium vel eleifend nec, sodales ac tortor. Ut non luctus arcu. Donec rhoncus nisi ut blandit maximus. Vivamus bibendum non odio et semper. Nulla nec rhoncus ligula.</p>\r\n',	'<p>Etiam ultrices magna ipsum, a consectetur turpis feugiat vitae. Pellentesque vel erat molestie, porttitor ipsum ac, eleifend dui. Etiam iaculis velit rutrum consectetur hendrerit. Integer varius metus vel orci efficitur euismod. Quisque magna lacus, pretium vel eleifend nec, sodales ac tortor. Ut non luctus arcu. Donec rhoncus nisi ut blandit maximus. Vivamus bibendum non odio et semper. Nulla nec rhoncus ligula.</p>\r\n',	162,	12,	1,	3000000.00,	6000000.00,	'2017-04-13',	'2017-05-06',	1,	'2017-04-19 03:26:25',	5,	'2017-04-19 03:26:25',	'2017-04-17 15:33:47',	1,	'2017-04-19 03:26:25',	NULL),
(5,	'7-170419-000001',	7,	3,	'Junior Programmer',	'<p>[0102/150040:INFO:wow_machine_info_utils_win.cc(107)] mainboard_sn:&nbsp; NBM5S11002305013CD6600<br />\r\n[0102/150040:INFO:wow_machine_info_utils_win.cc(404)] disk_serial: ET5AC594UGXNR8<br />\r\n[0102/150040:INFO:wow_machine_info_utils_win.cc(107)] mainboard_sn:&nbsp; NBM5S11002305013CD6600<br />\r\n[0102/150040:INFO:wow_machine_info_utils_win.cc(427)] disk_serial: ET5AC594UGXNR8</p>\r\n\r\n<p>[0102/150040:INFO:wow_machine_info_utils_win.cc(107)] mainboard_sn:&nbsp; NBM5S11002305013CD6600<br />\r\n[0102/150040:INFO:wow_machine_info_utils_win.cc(404)] disk_serial: ET5AC594UGXNR8<br />\r\n[0102/150040:INFO:wow_machine_info_utils_win.cc(107)] mainboard_sn:&nbsp; NBM5S11002305013CD6600<br />\r\n[0102/150040:INFO:wow_machine_info_utils_win.cc(427)] disk_serial: ET5AC594UGXNR8</p>\r\n\r\n<p>&nbsp;</p>\r\n',	'<p>[0102/150040:INFO:wow_machine_info_utils_win.cc(107)] mainboard_sn:&nbsp; NBM5S11002305013CD6600<br />\r\n[0102/150040:INFO:wow_machine_info_utils_win.cc(404)] disk_serial: ET5AC594UGXNR8<br />\r\n[0102/150040:INFO:wow_machine_info_utils_win.cc(107)] mainboard_sn:&nbsp; NBM5S11002305013CD6600<br />\r\n[0102/150040:INFO:wow_machine_info_utils_win.cc(427)] disk_serial: ET5AC594UGXNR8</p>\r\n\r\n<p>[0102/150040:INFO:wow_machine_info_utils_win.cc(107)] mainboard_sn:&nbsp; NBM5S11002305013CD6600<br />\r\n[0102/150040:INFO:wow_machine_info_utils_win.cc(404)] disk_serial: ET5AC594UGXNR8<br />\r\n[0102/150040:INFO:wow_machine_info_utils_win.cc(107)] mainboard_sn:&nbsp; NBM5S11002305013CD6600<br />\r\n[0102/150040:INFO:wow_machine_info_utils_win.cc(427)] disk_serial: ET5AC594UGXNR8</p>\r\n\r\n<p>&nbsp;</p>\r\n',	161,	12,	1,	3200000.00,	40000000.00,	'2017-04-19',	'2017-04-30',	1,	'2017-04-19 03:26:25',	1,	'2017-04-19 03:26:25',	'2017-04-19 02:55:11',	1,	'2017-04-19 03:21:28',	NULL);

DROP TABLE IF EXISTS `job_apply`;
CREATE TABLE `job_apply` (
  `id` bigint(20) NOT NULL AUTO_INCREMENT,
  `job_id` bigint(20) NOT NULL,
  `user_id` bigint(20) NOT NULL,
  `description` varchar(255) COLLATE utf8_unicode_ci NOT NULL,
  `review_by` bigint(20) DEFAULT NULL,
  `review_counter` int(11) DEFAULT '0',
  `status` smallint(6) NOT NULL DEFAULT '1' COMMENT '1=Active;2=Interview',
  `status_interview_at` datetime DEFAULT NULL,
  `status_updated_at` datetime DEFAULT NULL,
  `interview_at` datetime DEFAULT NULL,
  `venue` varchar(300) COLLATE utf8_unicode_ci DEFAULT NULL,
  `contact_person` varchar(50) COLLATE utf8_unicode_ci DEFAULT NULL,
  `contact_person_phone` varchar(15) COLLATE utf8_unicode_ci DEFAULT NULL,
  `created_at` datetime DEFAULT NULL,
  `created_by` bigint(20) DEFAULT NULL,
  `updated_at` datetime DEFAULT NULL,
  `updated_by` bigint(20) DEFAULT NULL,
  PRIMARY KEY (`id`),
  KEY `job_id` (`job_id`),
  KEY `user_id` (`user_id`),
  CONSTRAINT `job_apply_ibfk_1` FOREIGN KEY (`job_id`) REFERENCES `job` (`id`) ON DELETE CASCADE,
  CONSTRAINT `job_apply_ibfk_2` FOREIGN KEY (`user_id`) REFERENCES `user` (`id`) ON DELETE CASCADE
) ENGINE=InnoDB DEFAULT CHARSET=utf8 COLLATE=utf8_unicode_ci;

INSERT INTO `job_apply` (`id`, `job_id`, `user_id`, `description`, `review_by`, `review_counter`, `status`, `status_interview_at`, `status_updated_at`, `interview_at`, `venue`, `contact_person`, `contact_person_phone`, `created_at`, `created_by`, `updated_at`, `updated_by`) VALUES
(1,	2,	16,	'Pelamar',	NULL,	0,	1,	NULL,	NULL,	NULL,	'',	'',	'',	'2017-03-26 18:04:05',	NULL,	'2017-03-26 13:53:59',	1);

DROP TABLE IF EXISTS `job_type`;
CREATE TABLE `job_type` (
  `id` bigint(20) NOT NULL AUTO_INCREMENT,
  `name` varchar(200) COLLATE utf8_unicode_ci NOT NULL,
  `status` smallint(6) NOT NULL DEFAULT '1',
  `created_at` datetime DEFAULT NULL,
  `created_by` bigint(20) DEFAULT NULL,
  `updated_at` datetime DEFAULT NULL,
  `updated_by` bigint(20) DEFAULT NULL,
  PRIMARY KEY (`id`)
) ENGINE=InnoDB DEFAULT CHARSET=utf8 COLLATE=utf8_unicode_ci;

INSERT INTO `job_type` (`id`, `name`, `status`, `created_at`, `created_by`, `updated_at`, `updated_by`) VALUES
(1,	'Accounting',	1,	'2017-03-06 13:38:25',	1,	NULL,	NULL),
(2,	'Administrasi',	1,	'2017-03-06 13:38:38',	1,	NULL,	NULL),
(3,	'Programmer',	1,	'2017-03-06 13:38:48',	1,	NULL,	NULL);

DROP TABLE IF EXISTS `menu`;
CREATE TABLE `menu` (
  `id` int(11) NOT NULL AUTO_INCREMENT,
  `name` varchar(128) COLLATE utf8_unicode_ci NOT NULL,
  `parent` int(11) DEFAULT NULL,
  `route` varchar(255) COLLATE utf8_unicode_ci DEFAULT NULL,
  `order` int(11) DEFAULT NULL,
  `data` blob,
  PRIMARY KEY (`id`),
  KEY `parent` (`parent`),
  CONSTRAINT `menu_ibfk_1` FOREIGN KEY (`parent`) REFERENCES `menu` (`id`) ON DELETE SET NULL ON UPDATE CASCADE
) ENGINE=InnoDB DEFAULT CHARSET=utf8 COLLATE=utf8_unicode_ci;

INSERT INTO `menu` (`id`, `name`, `parent`, `route`, `order`, `data`) VALUES
(1,	'User Managements',	NULL,	'/fkadmin/user/admin/index',	100,	'return [\'icon\' => \'fa fa-users\', \'title\' => \'User Managements\'];'),
(2,	'Master',	NULL,	'/fkadmin/page/index',	90,	'return [\'icon\'=>\'fa fa-folder-o\'];'),
(3,	'Page',	2,	'/fkadmin/page/index',	1,	'return [\'icon\'=>\'fa fa-file-o\'];'),
(4,	'Job Types',	2,	'/fkadmin/job-type/index',	5,	'return [\'icon\'=>\'fa fa-circle-o\'];'),
(5,	'Province',	2,	'/fkadmin/province/index',	10,	'return [\'icon\'=>\'fa fa-circle-o\'];'),
(6,	'City',	2,	'/fkadmin/city/index',	11,	'return [\'icon\'=>\'fa fa-circle-o\'];'),
(7,	'Offer Type',	2,	'/fkadmin/offer-type/index',	12,	'return [\'icon\'=>\'fa fa-circle-o\'];'),
(8,	'Payment',	2,	'/fkadmin/payment/index',	13,	'return [\'icon\'=>\'fa fa-circle-o\'];'),
(9,	'Payment Type',	2,	'/fkadmin/payment-type/index',	15,	'return [\'icon\'=>\'fa fa-circle-o\'];'),
(10,	'Currency',	2,	'/fkadmin/currency/index',	16,	'return [\'icon\'=>\'fa fa-circle-o\'];'),
(11,	'Visitor',	NULL,	'/fkadmin/visitor/index',	30,	'return [\'icon\'=>\'fa fa-users\'];'),
(12,	'Offer',	NULL,	'/fkadmin/offer/index',	25,	'return [\'icon\'=>\'fa fa-ravelry\'];'),
(13,	'User Members',	NULL,	'/fkadmin/partner/index',	80,	'return [\'icon\'=>\'fa fa-users\'];'),
(14,	'Partner',	13,	'/fkadmin/partner/index',	2,	'return [\'icon\'=>\'fa fa-circle-o\'];'),
(15,	'Company',	NULL,	'/fkadmin/company/index',	16,	'return [\'icon\'=>\'fa fa-building-o\'];'),
(16,	'Jobs',	NULL,	'/fkadmin/job/index',	5,	'return [\'icon\'=>\'fa fa-globe\'];'),
(17,	'Order',	NULL,	'/fkadmin/order/index',	14,	'return [\'icon\'=>\'fa fa-list\'];');

DROP TABLE IF EXISTS `migration`;
CREATE TABLE `migration` (
  `version` varchar(180) COLLATE utf8_swedish_ci NOT NULL,
  `apply_time` int(11) DEFAULT NULL,
  PRIMARY KEY (`version`)
) ENGINE=InnoDB DEFAULT CHARSET=utf8 COLLATE=utf8_swedish_ci;

INSERT INTO `migration` (`version`, `apply_time`) VALUES
('m000000_000000_base',	1488774710),
('m140209_132017_init',	1488776797),
('m140403_174025_create_account_table',	1488776799),
('m140504_113157_update_tables',	1488776803),
('m140504_130429_create_token_table',	1488776804),
('m140506_102106_rbac_init',	1488775162),
('m140602_111327_create_menu_table',	1488774724),
('m140830_171933_fix_ip_field',	1488776805),
('m140830_172703_change_account_table_name',	1488776805),
('m141222_110026_update_ip_field',	1488776805),
('m141222_135246_alter_username_length',	1488776806),
('m150614_103145_update_social_account_table',	1488776809),
('m150623_212711_fix_username_notnull',	1488776809),
('m151218_234654_add_timezone_to_profile',	1488776810),
('m160929_103127_add_last_login_at_to_user_table',	1488776810);

DROP TABLE IF EXISTS `offer`;
CREATE TABLE `offer` (
  `id` int(11) NOT NULL AUTO_INCREMENT,
  `offer_type_id` int(11) NOT NULL,
  `name` varchar(100) COLLATE utf8_unicode_ci NOT NULL,
  `description` text COLLATE utf8_unicode_ci NOT NULL,
  `day_limit` int(11) NOT NULL,
  `currency_id` int(11) NOT NULL,
  `amount` decimal(14,2) NOT NULL,
  `admin_fee` decimal(14,2) DEFAULT NULL,
  `status` smallint(1) DEFAULT '1',
  `order` int(11) DEFAULT '0',
  `created_at` datetime DEFAULT NULL,
  `created_by` bigint(20) DEFAULT NULL,
  `updated_at` datetime DEFAULT NULL,
  `updated_by` bigint(20) DEFAULT NULL,
  PRIMARY KEY (`id`),
  KEY `offer_type_id` (`offer_type_id`),
  CONSTRAINT `offer_ibfk_1` FOREIGN KEY (`offer_type_id`) REFERENCES `offer_type` (`id`) ON DELETE CASCADE
) ENGINE=InnoDB DEFAULT CHARSET=utf8 COLLATE=utf8_unicode_ci;

INSERT INTO `offer` (`id`, `offer_type_id`, `name`, `description`, `day_limit`, `currency_id`, `amount`, `admin_fee`, `status`, `order`, `created_at`, `created_by`, `updated_at`, `updated_by`) VALUES
(1,	1,	'Silver',	'Lorem Ipsum is simply dummy text of the printing and typesetting industry. Lorem Ipsum has been the industry\'s standard dummy text ever since the 1500s, when an unknown printer took a galley of type and scrambled it to make a type specimen book. It has survived not only five centuries, but also the leap into electronic typesetting, remaining essentially unchanged. It was popularised in the 1960s with the release of Letraset sheets containing Lorem Ipsum passages, and more recently with desktop publishing software like Aldus PageMaker including versions of Lorem Ipsum.',	30,	1,	35000.00,	2000.00,	1,	1,	'2017-03-10 10:26:38',	1,	'2017-03-26 05:41:58',	1),
(2,	2,	'Active 30 Day',	'Lorem Ipsum is simply dummy text of the printing and typesetting industry. Lorem Ipsum has been the industry\'s standard dummy text ever since the 1500s, when an unknown printer took a galley of type and scrambled it to make a type specimen book. It has survived not only five centuries, but also the leap into electronic typesetting, remaining essentially unchanged. It was popularised in the 1960s with the release of Letraset sheets containing Lorem Ipsum passages, and more recently with desktop publishing software like Aldus PageMaker including versions of Lorem Ipsum.',	30,	1,	30000.00,	1000.00,	0,	0,	'2017-03-10 10:35:52',	1,	'2017-03-26 05:33:13',	1),
(3,	1,	'Gold',	'Jajaran listing teratas',	30,	1,	80000.00,	2500.00,	1,	10,	'2017-03-25 17:36:35',	1,	'2017-03-26 05:41:40',	1),
(4,	1,	'Platinum',	'Jajaran pertengahan antara silver dengan gold',	30,	1,	50000.00,	2500.00,	1,	5,	'2017-03-25 17:37:04',	1,	'2017-03-26 05:41:49',	1);

DROP TABLE IF EXISTS `offer_type`;
CREATE TABLE `offer_type` (
  `id` int(11) NOT NULL AUTO_INCREMENT,
  `name` varchar(100) COLLATE utf8_unicode_ci NOT NULL,
  PRIMARY KEY (`id`)
) ENGINE=InnoDB DEFAULT CHARSET=utf8 COLLATE=utf8_unicode_ci;

INSERT INTO `offer_type` (`id`, `name`) VALUES
(1,	'Package'),
(2,	'Single Job');

DROP TABLE IF EXISTS `order`;
CREATE TABLE `order` (
  `id` bigint(20) NOT NULL AUTO_INCREMENT,
  `code` varchar(100) COLLATE utf8_unicode_ci NOT NULL,
  `user_id` bigint(20) DEFAULT NULL,
  `partner_id` bigint(20) DEFAULT NULL,
  `description` text COLLATE utf8_unicode_ci NOT NULL,
  `offer_id` int(11) NOT NULL,
  `company_limit` int(11) DEFAULT NULL,
  `offer_limit` int(11) DEFAULT NULL COMMENT 'limit untuk job create, khusus untuk member/partner',
  `offer_at` date NOT NULL,
  `offer_expired_at` date NOT NULL,
  `status` int(11) NOT NULL DEFAULT '0' COMMENT '0=waiting payment;1=confirmed by user;5=expired;10=paid;',
  `status_updated_at` datetime NOT NULL,
  `status_paid_at` datetime DEFAULT NULL,
  `status_expired_at` datetime DEFAULT NULL,
  `currency_id` int(11) NOT NULL,
  `amount` decimal(14,2) NOT NULL,
  `admin_fee` decimal(14,2) NOT NULL,
  `final_amount` decimal(14,2) NOT NULL,
  `created_at` datetime DEFAULT NULL,
  `created_by` bigint(20) DEFAULT NULL,
  `updated_at` datetime DEFAULT NULL,
  `updated_by` bigint(20) DEFAULT NULL,
  PRIMARY KEY (`id`),
  KEY `offer_id` (`offer_id`),
  CONSTRAINT `order_ibfk_1` FOREIGN KEY (`offer_id`) REFERENCES `offer` (`id`) ON DELETE CASCADE
) ENGINE=InnoDB DEFAULT CHARSET=utf8 COLLATE=utf8_unicode_ci;

INSERT INTO `order` (`id`, `code`, `user_id`, `partner_id`, `description`, `offer_id`, `company_limit`, `offer_limit`, `offer_at`, `offer_expired_at`, `status`, `status_updated_at`, `status_paid_at`, `status_expired_at`, `currency_id`, `amount`, `admin_fee`, `final_amount`, `created_at`, `created_by`, `updated_at`, `updated_by`) VALUES
(1,	'INV-170323-003890',	13,	NULL,	'test',	1,	NULL,	NULL,	'2017-03-23',	'2017-03-23',	5,	'2017-03-23 18:55:02',	NULL,	'2017-03-23 18:55:02',	1,	50000.00,	0.00,	50000.00,	'2017-03-23 18:27:31',	1,	'2017-03-23 18:55:02',	NULL),
(2,	'INV-170325-004867',	13,	NULL,	'test',	1,	NULL,	NULL,	'2017-03-25',	'2017-04-02',	5,	'2017-04-02 04:23:45',	'2017-03-25 18:47:13',	'2017-04-02 04:23:45',	1,	50000.00,	0.00,	50000.00,	'2017-03-25 09:42:35',	1,	'2017-04-02 04:23:45',	NULL),
(3,	'INV-170325-004870',	21,	NULL,	'karya anak bangsa',	1,	NULL,	NULL,	'2017-03-25',	'2017-04-19',	5,	'2017-04-02 04:23:45',	NULL,	'2017-04-02 04:23:45',	1,	35000.00,	2000.00,	37000.00,	'2017-03-25 17:49:23',	1,	'2017-04-02 04:31:46',	1),
(4,	'INV-170326-004768',	NULL,	1,	'tests',	4,	NULL,	15,	'2017-03-26',	'2017-04-02',	5,	'2017-04-02 04:23:45',	NULL,	'2017-04-02 04:23:45',	1,	50000.00,	2500.00,	52500.00,	'2017-03-26 03:32:30',	1,	'2017-04-02 04:23:45',	NULL),
(5,	'INV-170402-003270',	NULL,	3,	'Test',	4,	NULL,	100,	'2017-04-02',	'2017-04-20',	15,	'2017-04-02 04:27:40',	NULL,	'2017-04-02 04:27:40',	1,	50000.00,	2500.00,	52500.00,	'2017-04-02 04:26:56',	1,	'2017-04-02 04:32:23',	1),
(6,	'INV-170419-001106',	21,	NULL,	'uasdlfknas',	4,	NULL,	NULL,	'2017-04-19',	'2017-05-19',	10,	'2017-04-19 03:26:11',	'2017-04-19 03:26:11',	NULL,	1,	50000.00,	2500.00,	52500.00,	'2017-04-19 03:24:18',	1,	'2017-04-19 03:26:11',	1);

DROP TABLE IF EXISTS `order_confirmation`;
CREATE TABLE `order_confirmation` (
  `id` bigint(20) NOT NULL AUTO_INCREMENT,
  `order_id` bigint(20) NOT NULL,
  `user_id` bigint(11) DEFAULT NULL,
  `photo` varchar(100) COLLATE utf8_unicode_ci NOT NULL,
  `description` text COLLATE utf8_unicode_ci NOT NULL,
  `payment_id` int(11) DEFAULT NULL,
  `payment_updated_at` datetime DEFAULT NULL,
  `from_bank_name` varchar(100) COLLATE utf8_unicode_ci DEFAULT NULL,
  `from_behalf_of` varchar(100) COLLATE utf8_unicode_ci DEFAULT NULL,
  `from_bill_no` varchar(100) COLLATE utf8_unicode_ci DEFAULT NULL,
  `currency_id` int(11) DEFAULT NULL,
  `nominal` decimal(14,2) DEFAULT NULL,
  `status` smallint(6) NOT NULL DEFAULT '0' COMMENT '0=incomplete;1=complete',
  `created_at` datetime DEFAULT NULL,
  `created_by` bigint(20) DEFAULT NULL,
  `updated_at` datetime DEFAULT NULL,
  `updated_by` bigint(20) DEFAULT NULL,
  PRIMARY KEY (`id`),
  KEY `order_id` (`order_id`),
  KEY `payment_id` (`payment_id`),
  CONSTRAINT `order_confirmation_ibfk_1` FOREIGN KEY (`order_id`) REFERENCES `order` (`id`) ON DELETE CASCADE
) ENGINE=InnoDB DEFAULT CHARSET=utf8 COLLATE=utf8_unicode_ci;

INSERT INTO `order_confirmation` (`id`, `order_id`, `user_id`, `photo`, `description`, `payment_id`, `payment_updated_at`, `from_bank_name`, `from_behalf_of`, `from_bill_no`, `currency_id`, `nominal`, `status`, `created_at`, `created_by`, `updated_at`, `updated_by`) VALUES
(1,	1,	NULL,	'',	'',	NULL,	NULL,	NULL,	NULL,	NULL,	NULL,	NULL,	0,	'2017-03-23 18:27:31',	1,	NULL,	1),
(2,	2,	13,	'hendri-65b0plz9y7j0untddkqx.jpg',	'test',	1,	NULL,	'BCA',	'Hendri',	'1232433',	1,	50000.00,	1,	'2017-03-25 09:42:35',	1,	'2017-03-25 18:27:56',	1),
(3,	3,	21,	'',	'test',	1,	NULL,	'BCA',	'Hendri Gunawan',	'1223435523',	1,	50000.00,	1,	'2017-03-25 17:49:23',	1,	'2017-03-25 18:20:16',	1),
(4,	4,	NULL,	'',	'',	NULL,	NULL,	NULL,	NULL,	NULL,	NULL,	NULL,	0,	'2017-03-26 03:32:30',	1,	NULL,	1),
(5,	5,	NULL,	'',	'',	NULL,	NULL,	NULL,	NULL,	NULL,	NULL,	NULL,	0,	'2017-04-02 04:26:56',	1,	NULL,	1),
(6,	6,	21,	'hendri-gunawan-zjniayjhmoinzsy50ags.jpg',	'ttes',	1,	NULL,	'BCA',	'HENDRI GUNAWAN',	'12123681923123',	1,	52500.00,	1,	'2017-04-19 03:24:18',	1,	'2017-04-19 03:25:30',	1);

DROP TABLE IF EXISTS `page`;
CREATE TABLE `page` (
  `id` bigint(20) NOT NULL AUTO_INCREMENT,
  `category` int(11) NOT NULL COMMENT '1=full;2=partial',
  `name` varchar(100) COLLATE utf8_unicode_ci NOT NULL,
  `slug` varchar(200) COLLATE utf8_unicode_ci NOT NULL,
  `photo` varchar(100) COLLATE utf8_unicode_ci NOT NULL,
  `description` text COLLATE utf8_unicode_ci NOT NULL,
  `date_post` datetime NOT NULL,
  `meta_description` varchar(160) COLLATE utf8_unicode_ci NOT NULL,
  `status` smallint(6) NOT NULL DEFAULT '1',
  `created_at` datetime DEFAULT NULL,
  `created_by` bigint(20) DEFAULT NULL,
  `updated_at` datetime DEFAULT NULL,
  `updated_by` bigint(20) DEFAULT NULL,
  PRIMARY KEY (`id`),
  UNIQUE KEY `slug` (`slug`)
) ENGINE=InnoDB DEFAULT CHARSET=utf8 COLLATE=utf8_unicode_ci;

INSERT INTO `page` (`id`, `category`, `name`, `slug`, `photo`, `description`, `date_post`, `meta_description`, `status`, `created_at`, `created_by`, `updated_at`, `updated_by`) VALUES
(1,	1,	'Indonesia Tanah Airku',	'indonesia-tanah-airku',	'indonesia-tanah-airku-fm75k8q-uc-q43wcrb5.jpg',	'Lorem Ipsum is simply dummy text of the printing and typesetting industry. Lorem Ipsum has been the industry\'s standard dummy text ever since the 1500s, when an unknown printer took a galley of type and scrambled it to make a type specimen book. It has survived not only five centuries, but also the leap into electronic typesetting, remaining essentially unchanged. It was popularised in the 1960s with the release of Letraset sheets containing Lorem Ipsum passages, and more recently with desktop publishing software like Aldus PageMaker including versions of Lorem Ipsum.\r\nWhy do we use it?\r\n\r\nIt is a long established fact that a reader will be distracted by the readable content of a page when looking at its layout. The point of using Lorem Ipsum is that it has a more-or-less normal distribution of letters, as opposed to using \'Content here, content here\', making it look like readable English. Many desktop publishing packages and web page editors now use Lorem Ipsum as their default model text, and a search for \'lorem ipsum\' will uncover many web sites still in their infancy. Various versions have evolved over the years, sometimes by accident, sometimes on purpose (injected humour and the like).\r\n',	'2017-03-07 17:05:36',	'Lorem Ipsum is simply dummy text of the printing and typesetting industry. Lorem Ipsum has been the industry\'s standard dummy text ever since',	1,	'2017-03-07 17:05:55',	1,	NULL,	1);

DROP TABLE IF EXISTS `partner`;
CREATE TABLE `partner` (
  `id` bigint(20) NOT NULL AUTO_INCREMENT,
  `code` varchar(255) COLLATE utf8_unicode_ci NOT NULL,
  `name` varchar(200) COLLATE utf8_unicode_ci NOT NULL,
  `legal` int(11) NOT NULL,
  `photo` varchar(100) COLLATE utf8_unicode_ci NOT NULL,
  `phone` varchar(15) COLLATE utf8_unicode_ci NOT NULL,
  `address` varchar(255) COLLATE utf8_unicode_ci NOT NULL,
  `city_id` int(11) NOT NULL,
  `province_id` int(11) DEFAULT NULL,
  `description` text COLLATE utf8_unicode_ci NOT NULL,
  `public_email` varchar(100) COLLATE utf8_unicode_ci DEFAULT NULL,
  `status` smallint(6) NOT NULL DEFAULT '1',
  `created_at` datetime DEFAULT NULL,
  `created_by` bigint(20) DEFAULT NULL,
  `updated_at` datetime DEFAULT NULL,
  `updated_by` bigint(20) DEFAULT NULL,
  PRIMARY KEY (`id`),
  UNIQUE KEY `code` (`code`)
) ENGINE=InnoDB DEFAULT CHARSET=utf8 COLLATE=utf8_unicode_ci;

INSERT INTO `partner` (`id`, `code`, `name`, `legal`, `photo`, `phone`, `address`, `city_id`, `province_id`, `description`, `public_email`, `status`, `created_at`, `created_by`, `updated_at`, `updated_by`) VALUES
(1,	'PARTNER201703-000001',	'Art Techo Corporation',	0,	'art-techo-corporation-sohjpcm3owsit0tzg2tc.png',	'021 8748 8291',	'Jl Lapangan Tembak 300 Ciampea - Bogor',	169,	13,	'lorem ipsum dolor de lorem ipsum dolor delorem ipsum dolor delorem ipsum dolor delorem ipsum dolor delorem ipsum dolor delorem ipsum dolor delorem ipsum dolor delorem ipsum dolor delorem ipsum dolor delorem ipsum dolor delorem ipsum dolor delorem ipsum dolor delorem ipsum dolor delorem ipsum dolor delorem ipsum dolor delorem ipsum dolor delorem ipsum dolor delorem ipsum dolor delorem ipsum dolor delorem ipsum dolor delorem ipsum dolor delorem ipsum dolor delorem ipsum dolor delorem ipsum dolor delorem ipsum dolor delorem ipsum dolor delorem ipsum dolor delorem ipsum dolor delorem ipsum dolor delorem ipsum dolor delorem ipsum dolor delorem ipsum dolor delorem ipsum dolor delorem ipsum dolor delorem ipsum dolor delorem ipsum dolor delorem ipsum dolor delorem ipsum dolor delorem ipsum dolor delorem ipsum dolor de.',	'hello@atc.co.id',	1,	'2017-03-06 17:51:19',	1,	'2017-03-10 15:07:20',	1),
(2,	'PTR201703-000001',	'PT Javatek Mega',	0,	'pt-javatek-mega-kbbrsydgek3ls0ufvyja.jpg',	'021839811',	'Jl Baranang Siang Bogor',	186,	13,	'Testing Okee sip',	'hello@atd.com',	1,	'2017-03-26 12:23:56',	1,	NULL,	1),
(3,	'PTR201704-000001',	'Grab',	0,	'grab-mwkqdrxregmlcabfakqc.png',	'021839811',	'Test Jl',	162,	12,	'Test ',	'contact@grab.com',	1,	'2017-04-02 04:04:17',	1,	NULL,	1);

DROP TABLE IF EXISTS `partner_branch`;
CREATE TABLE `partner_branch` (
  `id` bigint(20) NOT NULL AUTO_INCREMENT,
  `partner_id` bigint(20) NOT NULL,
  `name` varchar(100) COLLATE utf8_unicode_ci NOT NULL,
  `city_id` int(11) NOT NULL,
  `province_id` int(11) DEFAULT NULL,
  `status` smallint(6) NOT NULL DEFAULT '1',
  `created_at` datetime DEFAULT NULL,
  `created_by` bigint(20) DEFAULT NULL,
  `updated_at` datetime DEFAULT NULL,
  `updated_by` bigint(20) DEFAULT NULL,
  PRIMARY KEY (`id`),
  KEY `partner_id` (`partner_id`),
  CONSTRAINT `partner_branch_ibfk_1` FOREIGN KEY (`partner_id`) REFERENCES `partner` (`id`) ON DELETE CASCADE
) ENGINE=InnoDB DEFAULT CHARSET=utf8 COLLATE=utf8_unicode_ci;

INSERT INTO `partner_branch` (`id`, `partner_id`, `name`, `city_id`, `province_id`, `status`, `created_at`, `created_by`, `updated_at`, `updated_by`) VALUES
(2,	1,	'Bandung',	166,	13,	1,	'2017-03-10 16:45:10',	1,	NULL,	1);

DROP TABLE IF EXISTS `partner_has_user`;
CREATE TABLE `partner_has_user` (
  `id` bigint(20) NOT NULL AUTO_INCREMENT,
  `partner_id` bigint(20) NOT NULL,
  `user_id` bigint(20) NOT NULL,
  `partner_branch_id` int(11) DEFAULT NULL,
  `status` smallint(6) NOT NULL DEFAULT '1',
  `created_at` datetime DEFAULT NULL,
  `created_by` bigint(20) DEFAULT NULL,
  `updated_at` datetime DEFAULT NULL,
  `updated_by` bigint(20) DEFAULT NULL,
  PRIMARY KEY (`id`),
  KEY `partner_id` (`partner_id`),
  KEY `user_id` (`user_id`),
  CONSTRAINT `partner_has_user_ibfk_4` FOREIGN KEY (`partner_id`) REFERENCES `partner` (`id`) ON DELETE CASCADE,
  CONSTRAINT `partner_has_user_ibfk_5` FOREIGN KEY (`user_id`) REFERENCES `user` (`id`) ON DELETE CASCADE
) ENGINE=InnoDB DEFAULT CHARSET=utf8 COLLATE=utf8_unicode_ci;

INSERT INTO `partner_has_user` (`id`, `partner_id`, `user_id`, `partner_branch_id`, `status`, `created_at`, `created_by`, `updated_at`, `updated_by`) VALUES
(1,	3,	22,	NULL,	1,	'2017-04-02 04:05:53',	1,	NULL,	1);

DROP TABLE IF EXISTS `passion`;
CREATE TABLE `passion` (
  `id` bigint(20) NOT NULL AUTO_INCREMENT,
  `job_type_id` bigint(20) NOT NULL,
  `user_id` bigint(20) NOT NULL,
  `created_at` datetime DEFAULT NULL,
  PRIMARY KEY (`id`),
  KEY `job_type_id` (`job_type_id`),
  KEY `user_id` (`user_id`),
  CONSTRAINT `passion_ibfk_2` FOREIGN KEY (`job_type_id`) REFERENCES `job_type` (`id`) ON DELETE CASCADE,
  CONSTRAINT `passion_ibfk_3` FOREIGN KEY (`user_id`) REFERENCES `user` (`id`) ON DELETE CASCADE
) ENGINE=InnoDB DEFAULT CHARSET=utf8 COLLATE=utf8_unicode_ci;

INSERT INTO `passion` (`id`, `job_type_id`, `user_id`, `created_at`) VALUES
(1,	1,	16,	'2017-03-26 18:37:56'),
(2,	2,	16,	'2017-03-26 18:38:07');

DROP TABLE IF EXISTS `payment`;
CREATE TABLE `payment` (
  `id` int(11) NOT NULL AUTO_INCREMENT,
  `payment_type_id` int(11) NOT NULL,
  `name` varchar(100) COLLATE utf8_unicode_ci NOT NULL,
  `behalf_of` varchar(100) COLLATE utf8_unicode_ci NOT NULL,
  `bill_no` varchar(50) COLLATE utf8_unicode_ci NOT NULL COMMENT 'no rekening',
  `branch_name` varchar(100) COLLATE utf8_unicode_ci NOT NULL,
  `logo` varchar(100) COLLATE utf8_unicode_ci NOT NULL,
  `status` smallint(6) NOT NULL DEFAULT '1',
  `order` int(11) NOT NULL,
  `created_at` datetime DEFAULT NULL,
  `created_by` bigint(20) DEFAULT NULL,
  `updated_at` datetime DEFAULT NULL,
  `updated_by` bigint(20) DEFAULT NULL,
  PRIMARY KEY (`id`),
  KEY `payment_type_id` (`payment_type_id`),
  CONSTRAINT `payment_ibfk_2` FOREIGN KEY (`payment_type_id`) REFERENCES `payment_type` (`id`) ON DELETE CASCADE
) ENGINE=InnoDB DEFAULT CHARSET=utf8 COLLATE=utf8_unicode_ci;

INSERT INTO `payment` (`id`, `payment_type_id`, `name`, `behalf_of`, `bill_no`, `branch_name`, `logo`, `status`, `order`, `created_at`, `created_by`, `updated_at`, `updated_by`) VALUES
(1,	1,	'BCA',	'HENDRI GUNAWAN',	'244 0026 255',	'Kebon Kelapa, Gambir',	'logo-bca.png',	1,	0,	'2017-03-07 16:04:12',	1,	NULL,	NULL);

DROP TABLE IF EXISTS `payment_type`;
CREATE TABLE `payment_type` (
  `id` int(11) NOT NULL AUTO_INCREMENT,
  `name` varchar(100) COLLATE utf8_unicode_ci NOT NULL,
  `class` varchar(100) COLLATE utf8_unicode_ci DEFAULT NULL,
  `status` smallint(6) NOT NULL DEFAULT '1',
  `order` bigint(20) NOT NULL,
  `created_at` datetime DEFAULT NULL,
  `created_by` bigint(20) DEFAULT NULL,
  `updated_at` datetime DEFAULT NULL,
  `updated_by` bigint(20) DEFAULT NULL,
  PRIMARY KEY (`id`)
) ENGINE=InnoDB DEFAULT CHARSET=utf8 COLLATE=utf8_unicode_ci;

INSERT INTO `payment_type` (`id`, `name`, `class`, `status`, `order`, `created_at`, `created_by`, `updated_at`, `updated_by`) VALUES
(1,	'Transfer Bank',	NULL,	1,	0,	'2017-03-07 16:03:45',	1,	NULL,	NULL);

DROP TABLE IF EXISTS `profile`;
CREATE TABLE `profile` (
  `user_id` bigint(20) NOT NULL,
  `name` varchar(255) COLLATE utf8_unicode_ci DEFAULT NULL,
  `photo` varchar(255) COLLATE utf8_unicode_ci DEFAULT NULL,
  `public_email` varchar(255) COLLATE utf8_unicode_ci DEFAULT NULL,
  `phone` varchar(15) COLLATE utf8_unicode_ci DEFAULT NULL,
  `gender` smallint(1) DEFAULT '1' COMMENT '1=Male;2=Female',
  `gravatar_email` varchar(255) COLLATE utf8_unicode_ci DEFAULT NULL,
  `gravatar_id` varchar(32) COLLATE utf8_unicode_ci DEFAULT NULL,
  `location` varchar(255) COLLATE utf8_unicode_ci DEFAULT NULL,
  `website` varchar(255) COLLATE utf8_unicode_ci DEFAULT NULL,
  `hobby` varchar(255) COLLATE utf8_unicode_ci DEFAULT NULL,
  `married_status` smallint(1) DEFAULT '1' COMMENT '1=Single;2=Married;',
  `bio` text COLLATE utf8_unicode_ci,
  `timezone` varchar(40) COLLATE utf8_unicode_ci DEFAULT NULL,
  `currency_id` int(11) DEFAULT NULL,
  `salary` decimal(14,2) DEFAULT NULL COMMENT 'suggest salary',
  `cv` varchar(255) COLLATE utf8_unicode_ci DEFAULT NULL,
  `cv_updated_at` datetime DEFAULT NULL,
  `status` smallint(6) NOT NULL DEFAULT '0',
  PRIMARY KEY (`user_id`),
  KEY `currency_id` (`currency_id`),
  CONSTRAINT `profile_ibfk_3` FOREIGN KEY (`user_id`) REFERENCES `user` (`id`) ON DELETE CASCADE
) ENGINE=InnoDB DEFAULT CHARSET=utf8 COLLATE=utf8_unicode_ci;

INSERT INTO `profile` (`user_id`, `name`, `photo`, `public_email`, `phone`, `gender`, `gravatar_email`, `gravatar_id`, `location`, `website`, `hobby`, `married_status`, `bio`, `timezone`, `currency_id`, `salary`, `cv`, `cv_updated_at`, `status`) VALUES
(1,	NULL,	NULL,	NULL,	NULL,	1,	NULL,	NULL,	NULL,	NULL,	NULL,	1,	NULL,	NULL,	NULL,	NULL,	NULL,	NULL,	0),
(13,	NULL,	NULL,	NULL,	NULL,	1,	NULL,	NULL,	NULL,	NULL,	NULL,	1,	NULL,	NULL,	NULL,	NULL,	NULL,	NULL,	0),
(16,	'Hendri Gunawan',	'hendri-gunawan-yjfsnj6afj6okq-zt-r.jpg',	NULL,	'08561471500',	1,	NULL,	NULL,	NULL,	NULL,	'Test',	1,	'Testing Doang',	NULL,	1,	5000000.00,	'hendri-gunawan-c2o8kuari55g9m2wnaxq.pdf',	'2017-03-28 10:24:06',	1),
(17,	NULL,	NULL,	NULL,	NULL,	1,	NULL,	NULL,	NULL,	NULL,	NULL,	1,	NULL,	NULL,	NULL,	NULL,	NULL,	NULL,	0),
(18,	NULL,	NULL,	NULL,	NULL,	1,	NULL,	NULL,	NULL,	NULL,	NULL,	1,	NULL,	NULL,	NULL,	NULL,	NULL,	NULL,	0),
(21,	NULL,	NULL,	NULL,	NULL,	1,	NULL,	NULL,	NULL,	NULL,	NULL,	1,	NULL,	NULL,	NULL,	NULL,	NULL,	NULL,	0),
(22,	NULL,	NULL,	NULL,	NULL,	1,	NULL,	NULL,	NULL,	NULL,	NULL,	1,	NULL,	NULL,	NULL,	NULL,	NULL,	NULL,	0);

DROP TABLE IF EXISTS `province`;
CREATE TABLE `province` (
  `id` int(11) NOT NULL AUTO_INCREMENT,
  `name` varchar(100) COLLATE utf8_unicode_ci NOT NULL,
  `status` smallint(6) NOT NULL DEFAULT '1',
  `order` int(11) NOT NULL,
  PRIMARY KEY (`id`)
) ENGINE=InnoDB DEFAULT CHARSET=utf8 COLLATE=utf8_unicode_ci;

INSERT INTO `province` (`id`, `name`, `status`, `order`) VALUES
(1,	'Nanggroe Aceh Darussalam',	1,	0),
(2,	'Sumatera Utara',	1,	0),
(3,	'Sumatera Barat',	1,	0),
(4,	'Riau',	1,	0),
(5,	'Kepulauan Riau',	1,	0),
(6,	'Kepulauan Bangka-Belitung',	1,	0),
(7,	'Jambi',	1,	0),
(8,	'Bengkulu',	1,	0),
(9,	'Sumatera Selatan',	1,	0),
(10,	'Lampung',	1,	0),
(11,	'Banten',	1,	0),
(12,	'DKI Jakarta',	1,	0),
(13,	'Jawa Barat',	1,	0),
(14,	'Jawa Tengah',	1,	0),
(15,	'Daerah Istimewa Yogyakarta  ',	1,	0),
(16,	'Jawa Timur',	1,	0),
(17,	'Bali',	1,	0),
(18,	'Nusa Tenggara Barat',	1,	0),
(19,	'Nusa Tenggara Timur',	1,	0),
(20,	'Kalimantan Barat',	1,	0),
(21,	'Kalimantan Tengah',	1,	0),
(22,	'Kalimantan Selatan',	1,	0),
(23,	'Kalimantan Timur',	1,	0),
(24,	'Gorontalo',	1,	0),
(25,	'Sulawesi Selatan',	1,	0),
(26,	'Sulawesi Tenggara',	1,	0),
(27,	'Sulawesi Tengah',	1,	0),
(28,	'Sulawesi Utara',	1,	0),
(29,	'Sulawesi Barat',	1,	0),
(30,	'Maluku',	1,	0),
(31,	'Maluku Utara',	1,	0),
(32,	'Papua Barat',	1,	0),
(33,	'Papua',	1,	0),
(34,	'Kalimantan Utara',	1,	0);

DROP VIEW IF EXISTS `raw_view_job`;
CREATE TABLE `raw_view_job` (`id` bigint(20), `code` varchar(100), `company_id` bigint(20), `job_type_id` bigint(20), `name` varchar(200), `description` text, `requirement` text, `city_id` int(11), `province_id` int(11), `salary_currency_id` int(11), `start_salary` decimal(14,2), `end_salary` decimal(14,2), `open_job_date` date, `close_job_date` date, `status` smallint(6), `status_updated_at` datetime, `status_payment` smallint(6), `status_payment_updated_at` datetime, `created_at` datetime, `created_by` bigint(20), `updated_at` datetime, `updated_by` bigint(20), `user_id` bigint(20), `partner_id` bigint(20), `offer_id` int(11), `offer_order` varchar(11), `order_id` bigint(20), `order_status` int(11));


DROP TABLE IF EXISTS `skill`;
CREATE TABLE `skill` (
  `id` bigint(20) NOT NULL AUTO_INCREMENT,
  `user_id` bigint(20) NOT NULL,
  `name` varchar(100) COLLATE utf8_unicode_ci NOT NULL,
  `created_at` datetime DEFAULT NULL,
  `created_by` bigint(20) DEFAULT NULL,
  `updated_at` datetime DEFAULT NULL,
  `updated_by` bigint(20) DEFAULT NULL,
  PRIMARY KEY (`id`),
  KEY `user_id` (`user_id`),
  CONSTRAINT `skill_ibfk_1` FOREIGN KEY (`user_id`) REFERENCES `user` (`id`) ON DELETE CASCADE
) ENGINE=InnoDB DEFAULT CHARSET=utf8 COLLATE=utf8_unicode_ci;

INSERT INTO `skill` (`id`, `user_id`, `name`, `created_at`, `created_by`, `updated_at`, `updated_by`) VALUES
(1,	16,	'PHP',	'2017-03-26 18:33:58',	NULL,	NULL,	NULL),
(2,	16,	'MySQL',	NULL,	NULL,	NULL,	NULL);

DROP TABLE IF EXISTS `social_account`;
CREATE TABLE `social_account` (
  `id` int(11) NOT NULL AUTO_INCREMENT,
  `user_id` bigint(20) DEFAULT NULL,
  `provider` varchar(255) COLLATE utf8_unicode_ci NOT NULL,
  `client_id` varchar(255) COLLATE utf8_unicode_ci NOT NULL,
  `data` text COLLATE utf8_unicode_ci,
  `code` varchar(32) COLLATE utf8_unicode_ci DEFAULT NULL,
  `created_at` int(11) DEFAULT NULL,
  `email` varchar(255) COLLATE utf8_unicode_ci DEFAULT NULL,
  `username` varchar(255) COLLATE utf8_unicode_ci DEFAULT NULL,
  PRIMARY KEY (`id`),
  UNIQUE KEY `account_unique` (`provider`,`client_id`),
  UNIQUE KEY `account_unique_code` (`code`),
  KEY `user_id` (`user_id`),
  CONSTRAINT `social_account_ibfk_1` FOREIGN KEY (`user_id`) REFERENCES `user` (`id`) ON DELETE CASCADE
) ENGINE=InnoDB DEFAULT CHARSET=utf8 COLLATE=utf8_unicode_ci;


DROP TABLE IF EXISTS `token`;
CREATE TABLE `token` (
  `user_id` bigint(20) NOT NULL,
  `code` varchar(32) COLLATE utf8_unicode_ci NOT NULL,
  `created_at` int(11) NOT NULL,
  `type` smallint(6) NOT NULL,
  UNIQUE KEY `token_unique` (`user_id`,`code`,`type`),
  CONSTRAINT `token_ibfk_1` FOREIGN KEY (`user_id`) REFERENCES `user` (`id`) ON DELETE CASCADE
) ENGINE=InnoDB DEFAULT CHARSET=utf8 COLLATE=utf8_unicode_ci;


DROP TABLE IF EXISTS `user`;
CREATE TABLE `user` (
  `id` bigint(20) NOT NULL AUTO_INCREMENT,
  `username` varchar(255) COLLATE utf8_unicode_ci NOT NULL,
  `email` varchar(255) COLLATE utf8_unicode_ci NOT NULL,
  `password_hash` varchar(60) COLLATE utf8_unicode_ci NOT NULL,
  `auth_key` varchar(32) COLLATE utf8_unicode_ci NOT NULL,
  `confirmed_at` int(11) DEFAULT NULL,
  `unconfirmed_email` varchar(255) COLLATE utf8_unicode_ci DEFAULT NULL,
  `blocked_at` int(11) DEFAULT NULL,
  `registration_ip` varchar(45) COLLATE utf8_unicode_ci DEFAULT NULL,
  `created_at` int(11) NOT NULL,
  `updated_at` int(11) NOT NULL,
  `flags` int(11) NOT NULL DEFAULT '0',
  `last_login_at` int(11) DEFAULT NULL,
  `category` varchar(50) COLLATE utf8_unicode_ci NOT NULL COMMENT 'superadmin,member,applicant,general-company,user',
  PRIMARY KEY (`id`),
  UNIQUE KEY `user_unique_username` (`username`),
  UNIQUE KEY `user_unique_email` (`email`)
) ENGINE=InnoDB DEFAULT CHARSET=utf8 COLLATE=utf8_unicode_ci;

INSERT INTO `user` (`id`, `username`, `email`, `password_hash`, `auth_key`, `confirmed_at`, `unconfirmed_email`, `blocked_at`, `registration_ip`, `created_at`, `updated_at`, `flags`, `last_login_at`, `category`) VALUES
(1,	'admin',	'hendri.gnw@gmail.com',	'$2y$10$NG0aKRQ7PUu8LfzQbTiaC.Ae.3Ie8ERGbe9nuGpiUsvyx7xV2apZG',	'C1Hx8fAg_vgsvbQ47s6H1XJxDexAOXWM',	1488776878,	NULL,	NULL,	'::1',	1488776855,	1488776855,	0,	1493728328,	'superadmin'),
(13,	'hendri.gunawan',	'hendri.gunawan@gmail.com',	'$2y$10$NdMT6IcnHTmwVnpLPQ/hn.d4fpTLBkfvRo51xe9MKKDJBeOqfO27O',	's21BZZCcqs89yEB1w4W1gAxXgOdNAdgq',	1489142430,	NULL,	NULL,	'::1',	1489142430,	1489142430,	0,	1490173751,	'general-company'),
(16,	'hendri.gnwn',	'hendri.gnwn@gmail.com',	'$2y$10$28QLRc.K6kURfBffgHwUCe3aG6320MFJO95aJCtTu0VQz3jCofcN6',	'EBG0HrWizyVe250yZ_JaCDV7sQ2qWs8l',	1489480936,	NULL,	NULL,	'::1',	1489480936,	1489480936,	0,	1491104514,	'applicant'),
(17,	'gunawan',	'gunawan@gmail.com',	'$2y$10$SjhwxPfQFDl.tzsLFaWA2OcX6eJS72F32XvQOxIH.LXLmWhwtW3sy',	'mhr4YMZJWc55djCiSeQ4sFLpTPp1r0aY',	1490172251,	NULL,	NULL,	'::1',	1490172251,	1490172251,	0,	NULL,	'applicant'),
(18,	'gunawan123',	'gunawan123@gmail.com',	'$2y$10$iQVxVJEfnYHLNU54FEJ7XOMS9Kxo3TnsboXTw94dPtjwtphb4aW9K',	'ZLLjtl4iOOGp6Sz6-eFgZ95gbGpAmtK9',	1490172498,	NULL,	NULL,	'::1',	1490172436,	1490172436,	0,	NULL,	'applicant'),
(21,	'karya.anakbangsa',	'karya.anakbangsa@gmail.com',	'$2y$10$qV1yTRIfEjYV.t5vLcH7SepUKLq3f9Dwp0T2BlMonpp.7IKWC3.82',	'zSEgZWqZyFsRCnFMlwdb_677oDWUTdcm',	1490460412,	NULL,	NULL,	'::1',	1490460412,	1490460412,	0,	1491100778,	'general-company'),
(22,	'grabindonesia',	'grab@grab.com',	'$2y$10$SW8S.0wA8Yow6eeVxhDzzOTLZIRFjWVm3kFJot7sBH9MZodP/p9iG',	'RvbHV3O0FVxgNS3uLOSaHqtNoaOXn47t',	1491098754,	NULL,	NULL,	'::1',	1491098754,	1491098754,	0,	NULL,	'member');

DROP TABLE IF EXISTS `view_job`;
CREATE TABLE `view_job` (
  `id` bigint(20) NOT NULL AUTO_INCREMENT,
  `code` varchar(100) COLLATE utf8_unicode_ci NOT NULL,
  `company_id` bigint(20) NOT NULL,
  `job_type_id` bigint(20) NOT NULL,
  `name` varchar(200) COLLATE utf8_unicode_ci NOT NULL,
  `description` text COLLATE utf8_unicode_ci NOT NULL,
  `requirement` text COLLATE utf8_unicode_ci NOT NULL,
  `city_id` int(11) NOT NULL,
  `province_id` int(11) NOT NULL,
  `salary_currency_id` int(11) NOT NULL,
  `start_salary` decimal(14,2) NOT NULL,
  `end_salary` decimal(14,2) NOT NULL,
  `open_job_date` date NOT NULL,
  `close_job_date` date NOT NULL,
  `status` smallint(6) NOT NULL,
  `status_updated_at` datetime DEFAULT NULL,
  `status_payment` smallint(6) NOT NULL,
  `status_payment_updated_at` datetime DEFAULT NULL,
  `created_at` datetime DEFAULT NULL,
  `created_by` bigint(20) DEFAULT NULL,
  `updated_at` datetime DEFAULT NULL,
  `updated_by` bigint(20) DEFAULT NULL,
  `user_id` bigint(20) DEFAULT NULL,
  `partner_id` bigint(20) DEFAULT NULL,
  `offer_id` int(11) NOT NULL,
  `offer_order` int(11) DEFAULT NULL,
  `order_id` bigint(20) NOT NULL,
  `order_status` smallint(6) NOT NULL,
  PRIMARY KEY (`id`)
) ENGINE=InnoDB DEFAULT CHARSET=utf8 COLLATE=utf8_unicode_ci;

INSERT INTO `view_job` (`id`, `code`, `company_id`, `job_type_id`, `name`, `description`, `requirement`, `city_id`, `province_id`, `salary_currency_id`, `start_salary`, `end_salary`, `open_job_date`, `close_job_date`, `status`, `status_updated_at`, `status_payment`, `status_payment_updated_at`, `created_at`, `created_by`, `updated_at`, `updated_by`, `user_id`, `partner_id`, `offer_id`, `offer_order`, `order_id`, `order_status`) VALUES
(4,	'8-170417-000001',	8,	3,	'Web Developer',	'<p>Etiam ultrices magna ipsum, a consectetur turpis feugiat vitae. Pellentesque vel erat molestie, porttitor ipsum ac, eleifend dui. Etiam iaculis velit rutrum consectetur hendrerit. Integer varius metus vel orci efficitur euismod. Quisque magna lacus, pretium vel eleifend nec, sodales ac tortor. Ut non luctus arcu. Donec rhoncus nisi ut blandit maximus. Vivamus bibendum non odio et semper. Nulla nec rhoncus ligula.</p>\r\n\r\n<p>Etiam ultrices magna ipsum, a consectetur turpis feugiat vitae. Pellentesque vel erat molestie, porttitor ipsum ac, eleifend dui. Etiam iaculis velit rutrum consectetur hendrerit. Integer varius metus vel orci efficitur euismod. Quisque magna lacus, pretium vel eleifend nec, sodales ac tortor. Ut non luctus arcu. Donec rhoncus nisi ut blandit maximus. Vivamus bibendum non odio et semper. Nulla nec rhoncus ligula.</p>\r\n\r\n<p>Etiam ultrices magna ipsum, a consectetur turpis feugiat vitae. Pellentesque vel erat molestie, porttitor ipsum ac, eleifend dui. Etiam iaculis velit rutrum consectetur hendrerit. Integer varius metus vel orci efficitur euismod. Quisque magna lacus, pretium vel eleifend nec, sodales ac tortor. Ut non luctus arcu. Donec rhoncus nisi ut blandit maximus. Vivamus bibendum non odio et semper. Nulla nec rhoncus ligula.</p>\r\n',	'<p>Etiam ultrices magna ipsum, a consectetur turpis feugiat vitae. Pellentesque vel erat molestie, porttitor ipsum ac, eleifend dui. Etiam iaculis velit rutrum consectetur hendrerit. Integer varius metus vel orci efficitur euismod. Quisque magna lacus, pretium vel eleifend nec, sodales ac tortor. Ut non luctus arcu. Donec rhoncus nisi ut blandit maximus. Vivamus bibendum non odio et semper. Nulla nec rhoncus ligula.</p>\r\n',	162,	12,	1,	3000000.00,	6000000.00,	'2017-04-13',	'2017-05-06',	1,	'2017-04-19 03:26:25',	5,	'2017-04-19 03:26:25',	'2017-04-17 15:33:47',	1,	'2017-04-19 03:26:25',	NULL,	NULL,	1,	0,	99,	0,	0),
(5,	'7-170419-000001',	7,	3,	'Junior Programmer',	'<p>[0102/150040:INFO:wow_machine_info_utils_win.cc(107)] mainboard_sn:&nbsp; NBM5S11002305013CD6600<br />\r\n[0102/150040:INFO:wow_machine_info_utils_win.cc(404)] disk_serial: ET5AC594UGXNR8<br />\r\n[0102/150040:INFO:wow_machine_info_utils_win.cc(107)] mainboard_sn:&nbsp; NBM5S11002305013CD6600<br />\r\n[0102/150040:INFO:wow_machine_info_utils_win.cc(427)] disk_serial: ET5AC594UGXNR8</p>\r\n\r\n<p>[0102/150040:INFO:wow_machine_info_utils_win.cc(107)] mainboard_sn:&nbsp; NBM5S11002305013CD6600<br />\r\n[0102/150040:INFO:wow_machine_info_utils_win.cc(404)] disk_serial: ET5AC594UGXNR8<br />\r\n[0102/150040:INFO:wow_machine_info_utils_win.cc(107)] mainboard_sn:&nbsp; NBM5S11002305013CD6600<br />\r\n[0102/150040:INFO:wow_machine_info_utils_win.cc(427)] disk_serial: ET5AC594UGXNR8</p>\r\n\r\n<p>&nbsp;</p>\r\n',	'<p>[0102/150040:INFO:wow_machine_info_utils_win.cc(107)] mainboard_sn:&nbsp; NBM5S11002305013CD6600<br />\r\n[0102/150040:INFO:wow_machine_info_utils_win.cc(404)] disk_serial: ET5AC594UGXNR8<br />\r\n[0102/150040:INFO:wow_machine_info_utils_win.cc(107)] mainboard_sn:&nbsp; NBM5S11002305013CD6600<br />\r\n[0102/150040:INFO:wow_machine_info_utils_win.cc(427)] disk_serial: ET5AC594UGXNR8</p>\r\n\r\n<p>[0102/150040:INFO:wow_machine_info_utils_win.cc(107)] mainboard_sn:&nbsp; NBM5S11002305013CD6600<br />\r\n[0102/150040:INFO:wow_machine_info_utils_win.cc(404)] disk_serial: ET5AC594UGXNR8<br />\r\n[0102/150040:INFO:wow_machine_info_utils_win.cc(107)] mainboard_sn:&nbsp; NBM5S11002305013CD6600<br />\r\n[0102/150040:INFO:wow_machine_info_utils_win.cc(427)] disk_serial: ET5AC594UGXNR8</p>\r\n\r\n<p>&nbsp;</p>\r\n',	161,	12,	1,	3200000.00,	40000000.00,	'2017-04-19',	'2017-04-30',	1,	'2017-04-19 03:26:25',	1,	'2017-04-19 03:26:25',	'2017-04-19 02:55:11',	1,	'2017-04-19 03:21:28',	NULL,	21,	NULL,	4,	5,	6,	10);

DROP VIEW IF EXISTS `view_job_free`;
CREATE TABLE `view_job_free` (`id` bigint(20), `code` varchar(100), `company_id` bigint(20), `job_type_id` bigint(20), `name` varchar(200), `description` text, `requirement` text, `city_id` int(11), `province_id` int(11), `salary_currency_id` int(11), `start_salary` decimal(14,2), `end_salary` decimal(14,2), `open_job_date` date, `close_job_date` date, `status` smallint(6), `status_updated_at` datetime, `status_payment` smallint(6), `status_payment_updated_at` datetime, `created_at` datetime, `created_by` bigint(20), `updated_at` datetime, `updated_by` bigint(20), `user_id` bigint(20), `partner_id` bigint(20), `offer_id` binary(0), `offer_order` varchar(2), `order_id` binary(0), `order_status` binary(0));


DROP VIEW IF EXISTS `view_job_general_company`;
CREATE TABLE `view_job_general_company` (`id` bigint(20), `code` varchar(100), `company_id` bigint(20), `job_type_id` bigint(20), `name` varchar(200), `description` text, `requirement` text, `city_id` int(11), `province_id` int(11), `salary_currency_id` int(11), `start_salary` decimal(14,2), `end_salary` decimal(14,2), `open_job_date` date, `close_job_date` date, `status` smallint(6), `status_updated_at` datetime, `status_payment` smallint(6), `status_payment_updated_at` datetime, `created_at` datetime, `created_by` bigint(20), `updated_at` datetime, `updated_by` bigint(20), `user_id` bigint(20), `partner_id` bigint(20), `offer_id` int(11), `offer_order` int(11), `order_id` bigint(20), `order_status` int(11));


DROP VIEW IF EXISTS `view_job_member`;
CREATE TABLE `view_job_member` (`id` bigint(20), `code` varchar(100), `company_id` bigint(20), `job_type_id` bigint(20), `name` varchar(200), `description` text, `requirement` text, `city_id` int(11), `province_id` int(11), `salary_currency_id` int(11), `start_salary` decimal(14,2), `end_salary` decimal(14,2), `open_job_date` date, `close_job_date` date, `status` smallint(6), `status_updated_at` datetime, `status_payment` smallint(6), `status_payment_updated_at` datetime, `created_at` datetime, `created_by` bigint(20), `updated_at` datetime, `updated_by` bigint(20), `user_id` bigint(20), `partner_id` bigint(20), `offer_id` int(11), `offer_order` int(11), `order_id` bigint(20), `order_status` int(11));


DROP TABLE IF EXISTS `visitor`;
CREATE TABLE `visitor` (
  `id` int(11) NOT NULL AUTO_INCREMENT,
  `quantity` bigint(20) NOT NULL,
  `date` date NOT NULL,
  `is_real` smallint(1) NOT NULL DEFAULT '1',
  PRIMARY KEY (`id`)
) ENGINE=InnoDB DEFAULT CHARSET=utf8;

INSERT INTO `visitor` (`id`, `quantity`, `date`, `is_real`) VALUES
(1,	2000,	'0000-00-00',	0),
(2,	1,	'2017-03-06',	1);

DROP TABLE IF EXISTS `raw_view_job`;
CREATE ALGORITHM=UNDEFINED SQL SECURITY DEFINER VIEW `raw_view_job` AS select `view_job_free`.`id` AS `id`,`view_job_free`.`code` AS `code`,`view_job_free`.`company_id` AS `company_id`,`view_job_free`.`job_type_id` AS `job_type_id`,`view_job_free`.`name` AS `name`,`view_job_free`.`description` AS `description`,`view_job_free`.`requirement` AS `requirement`,`view_job_free`.`city_id` AS `city_id`,`view_job_free`.`province_id` AS `province_id`,`view_job_free`.`salary_currency_id` AS `salary_currency_id`,`view_job_free`.`start_salary` AS `start_salary`,`view_job_free`.`end_salary` AS `end_salary`,`view_job_free`.`open_job_date` AS `open_job_date`,`view_job_free`.`close_job_date` AS `close_job_date`,`view_job_free`.`status` AS `status`,`view_job_free`.`status_updated_at` AS `status_updated_at`,`view_job_free`.`status_payment` AS `status_payment`,`view_job_free`.`status_payment_updated_at` AS `status_payment_updated_at`,`view_job_free`.`created_at` AS `created_at`,`view_job_free`.`created_by` AS `created_by`,`view_job_free`.`updated_at` AS `updated_at`,`view_job_free`.`updated_by` AS `updated_by`,`view_job_free`.`user_id` AS `user_id`,`view_job_free`.`partner_id` AS `partner_id`,`view_job_free`.`offer_id` AS `offer_id`,`view_job_free`.`offer_order` AS `offer_order`,`view_job_free`.`order_id` AS `order_id`,`view_job_free`.`order_status` AS `order_status` from `view_job_free` union select `view_job_general_company`.`id` AS `id`,`view_job_general_company`.`code` AS `code`,`view_job_general_company`.`company_id` AS `company_id`,`view_job_general_company`.`job_type_id` AS `job_type_id`,`view_job_general_company`.`name` AS `name`,`view_job_general_company`.`description` AS `description`,`view_job_general_company`.`requirement` AS `requirement`,`view_job_general_company`.`city_id` AS `city_id`,`view_job_general_company`.`province_id` AS `province_id`,`view_job_general_company`.`salary_currency_id` AS `salary_currency_id`,`view_job_general_company`.`start_salary` AS `start_salary`,`view_job_general_company`.`end_salary` AS `end_salary`,`view_job_general_company`.`open_job_date` AS `open_job_date`,`view_job_general_company`.`close_job_date` AS `close_job_date`,`view_job_general_company`.`status` AS `status`,`view_job_general_company`.`status_updated_at` AS `status_updated_at`,`view_job_general_company`.`status_payment` AS `status_payment`,`view_job_general_company`.`status_payment_updated_at` AS `status_payment_updated_at`,`view_job_general_company`.`created_at` AS `created_at`,`view_job_general_company`.`created_by` AS `created_by`,`view_job_general_company`.`updated_at` AS `updated_at`,`view_job_general_company`.`updated_by` AS `updated_by`,`view_job_general_company`.`user_id` AS `user_id`,`view_job_general_company`.`partner_id` AS `partner_id`,`view_job_general_company`.`offer_id` AS `offer_id`,`view_job_general_company`.`offer_order` AS `offer_order`,`view_job_general_company`.`order_id` AS `order_id`,`view_job_general_company`.`order_status` AS `order_status` from `view_job_general_company` union select `view_job_member`.`id` AS `id`,`view_job_member`.`code` AS `code`,`view_job_member`.`company_id` AS `company_id`,`view_job_member`.`job_type_id` AS `job_type_id`,`view_job_member`.`name` AS `name`,`view_job_member`.`description` AS `description`,`view_job_member`.`requirement` AS `requirement`,`view_job_member`.`city_id` AS `city_id`,`view_job_member`.`province_id` AS `province_id`,`view_job_member`.`salary_currency_id` AS `salary_currency_id`,`view_job_member`.`start_salary` AS `start_salary`,`view_job_member`.`end_salary` AS `end_salary`,`view_job_member`.`open_job_date` AS `open_job_date`,`view_job_member`.`close_job_date` AS `close_job_date`,`view_job_member`.`status` AS `status`,`view_job_member`.`status_updated_at` AS `status_updated_at`,`view_job_member`.`status_payment` AS `status_payment`,`view_job_member`.`status_payment_updated_at` AS `status_payment_updated_at`,`view_job_member`.`created_at` AS `created_at`,`view_job_member`.`created_by` AS `created_by`,`view_job_member`.`updated_at` AS `updated_at`,`view_job_member`.`updated_by` AS `updated_by`,`view_job_member`.`user_id` AS `user_id`,`view_job_member`.`partner_id` AS `partner_id`,`view_job_member`.`offer_id` AS `offer_id`,`view_job_member`.`offer_order` AS `offer_order`,`view_job_member`.`order_id` AS `order_id`,`view_job_member`.`order_status` AS `order_status` from `view_job_member` order by `offer_order`,`open_job_date` desc;

DROP TABLE IF EXISTS `view_job_free`;
CREATE ALGORITHM=UNDEFINED SQL SECURITY DEFINER VIEW `view_job_free` AS select `job`.`id` AS `id`,`job`.`code` AS `code`,`job`.`company_id` AS `company_id`,`job`.`job_type_id` AS `job_type_id`,`job`.`name` AS `name`,`job`.`description` AS `description`,`job`.`requirement` AS `requirement`,`job`.`city_id` AS `city_id`,`job`.`province_id` AS `province_id`,`job`.`salary_currency_id` AS `salary_currency_id`,`job`.`start_salary` AS `start_salary`,`job`.`end_salary` AS `end_salary`,`job`.`open_job_date` AS `open_job_date`,`job`.`close_job_date` AS `close_job_date`,`job`.`status` AS `status`,`job`.`status_updated_at` AS `status_updated_at`,`job`.`status_payment` AS `status_payment`,`job`.`status_payment_updated_at` AS `status_payment_updated_at`,`job`.`created_at` AS `created_at`,`job`.`created_by` AS `created_by`,`job`.`updated_at` AS `updated_at`,`job`.`updated_by` AS `updated_by`,`company`.`user_id` AS `user_id`,`company`.`partner_id` AS `partner_id`,NULL AS `offer_id`,'99' AS `offer_order`,NULL AS `order_id`,NULL AS `order_status` from ((`job` left join `company` on((`job`.`company_id` = `company`.`id`))) left join `user` on(((`user`.`id` = `company`.`user_id`) and (`company`.`status` = 1)))) where ((`job`.`open_job_date` <= now()) and (`job`.`close_job_date` >= now()) and (`job`.`status_payment` = 5)) order by `job`.`open_job_date` desc;

DROP TABLE IF EXISTS `view_job_general_company`;
CREATE ALGORITHM=UNDEFINED SQL SECURITY DEFINER VIEW `view_job_general_company` AS select `job`.`id` AS `id`,`job`.`code` AS `code`,`job`.`company_id` AS `company_id`,`job`.`job_type_id` AS `job_type_id`,`job`.`name` AS `name`,`job`.`description` AS `description`,`job`.`requirement` AS `requirement`,`job`.`city_id` AS `city_id`,`job`.`province_id` AS `province_id`,`job`.`salary_currency_id` AS `salary_currency_id`,`job`.`start_salary` AS `start_salary`,`job`.`end_salary` AS `end_salary`,`job`.`open_job_date` AS `open_job_date`,`job`.`close_job_date` AS `close_job_date`,`job`.`status` AS `status`,`job`.`status_updated_at` AS `status_updated_at`,`job`.`status_payment` AS `status_payment`,`job`.`status_payment_updated_at` AS `status_payment_updated_at`,`job`.`created_at` AS `created_at`,`job`.`created_by` AS `created_by`,`job`.`updated_at` AS `updated_at`,`job`.`updated_by` AS `updated_by`,`order`.`user_id` AS `user_id`,`order`.`partner_id` AS `partner_id`,`offer`.`id` AS `offer_id`,`offer`.`order` AS `offer_order`,`order`.`id` AS `order_id`,`order`.`status` AS `order_status` from ((((`job` join `company` on((`job`.`company_id` = `company`.`id`))) left join `user` on(((`user`.`id` = `company`.`user_id`) and (`company`.`status` = 1)))) left join `order` on(((`order`.`user_id` = `user`.`id`) and isnull(`order`.`partner_id`)))) join `offer` on((`offer`.`id` = `order`.`offer_id`))) where ((`job`.`open_job_date` between `order`.`offer_at` and `order`.`offer_expired_at`) and (`job`.`status_payment` = 1) and (`order`.`status` = 10)) order by `offer`.`order`;

DROP TABLE IF EXISTS `view_job_member`;
CREATE ALGORITHM=UNDEFINED SQL SECURITY DEFINER VIEW `view_job_member` AS select `job`.`id` AS `id`,`job`.`code` AS `code`,`job`.`company_id` AS `company_id`,`job`.`job_type_id` AS `job_type_id`,`job`.`name` AS `name`,`job`.`description` AS `description`,`job`.`requirement` AS `requirement`,`job`.`city_id` AS `city_id`,`job`.`province_id` AS `province_id`,`job`.`salary_currency_id` AS `salary_currency_id`,`job`.`start_salary` AS `start_salary`,`job`.`end_salary` AS `end_salary`,`job`.`open_job_date` AS `open_job_date`,`job`.`close_job_date` AS `close_job_date`,`job`.`status` AS `status`,`job`.`status_updated_at` AS `status_updated_at`,`job`.`status_payment` AS `status_payment`,`job`.`status_payment_updated_at` AS `status_payment_updated_at`,`job`.`created_at` AS `created_at`,`job`.`created_by` AS `created_by`,`job`.`updated_at` AS `updated_at`,`job`.`updated_by` AS `updated_by`,`order`.`user_id` AS `user_id`,`order`.`partner_id` AS `partner_id`,`offer`.`id` AS `offer_id`,`offer`.`order` AS `offer_order`,`order`.`id` AS `order_id`,`order`.`status` AS `order_status` from ((((`job` join `company` on((`job`.`company_id` = `company`.`id`))) left join `partner` on(((`partner`.`id` = `company`.`partner_id`) and (`company`.`status` = 1)))) left join `order` on(((`order`.`partner_id` = `partner`.`id`) and isnull(`order`.`user_id`)))) join `offer` on((`offer`.`id` = `order`.`offer_id`))) where ((`job`.`open_job_date` between `order`.`offer_at` and `order`.`offer_expired_at`) and (`job`.`status_payment` = 1) and (`order`.`status` = 10)) order by `offer`.`order`;

-- 2017-05-02 12:32:56
